date, price
2000-01-04,178.0
2000-01-05,182.0
2000-01-06,178.0
2000-01-07,173.0
2000-01-10,179.0
2000-01-11,176.0
2000-01-12,181.0
2000-01-13,178.0
2000-01-14,182.0
2000-01-15,188.0
2000-01-17,187.0
2000-01-18,184.0
2000-01-19,184.0
2000-01-20,182.0
2000-01-21,186.0
2000-01-24,188.0
2000-01-25,193.0
2000-01-26,206.0
2000-01-27,208.0
2000-01-28,204.0
2000-01-29,200.0
2000-01-31,203.0
2000-02-01,202.0
2000-02-09,211.0
2000-02-10,214.0
2000-02-11,219.0
2000-02-14,214.0
2000-02-15,215.0
2000-02-16,213.0
2000-02-17,211.0
2000-02-18,208.0
2000-02-19,205.0
2000-02-21,195.0
2000-02-22,195.0
2000-02-23,194.0
2000-02-24,195.0
2000-02-25,199.0
2000-02-29,201.0
2000-03-01,206.0
2000-03-02,203.0
2000-03-03,203.0
2000-03-04,204.0
2000-03-06,200.0
2000-03-07,199.0
2000-03-08,198.0
2000-03-09,200.0
2000-03-10,195.0
2000-03-13,182.0
2000-03-14,186.0
2000-03-15,183.0
2000-03-16,184.0
2000-03-17,190.0
2000-03-20,184.0
2000-03-21,195.0
2000-03-22,192.0
2000-03-23,201.0
2000-03-24,198.0
2000-03-27,211.0
2000-03-28,209.0
2000-03-29,204.0
2000-03-30,208.0
2000-03-31,205.0
2000-04-01,210.0
2000-04-05,208.0
2000-04-06,202.0
2000-04-07,200.0
2000-04-08,200.0
2000-04-10,210.0
2000-04-11,205.0
2000-04-12,200.0
2000-04-13,192.0
2000-04-14,186.0
2000-04-15,176.0
2000-04-17,179.0
2000-04-18,189.0
2000-04-19,183.0
2000-04-20,186.0
2000-04-21,186.0
2000-04-24,180.0
2000-04-25,187.0
2000-04-26,185.0
2000-04-27,188.0
2000-04-28,197.0
2000-04-29,195.0
2000-05-02,193.0
2000-05-03,188.0
2000-05-04,187.0
2000-05-05,192.0
2000-05-06,190.0
2000-05-08,193.0
2000-05-09,193.0
2000-05-10,188.0
2000-05-11,179.0
2000-05-12,185.0
2000-05-15,141.0
2000-05-16,149.5
2000-05-17,159.0
2000-05-18,163.0
2000-05-19,162.0
2000-05-20,160.0
2000-05-22,158.0
2000-05-23,153.0
2000-05-24,148.5
2000-05-25,145.5
2000-05-26,145.5
2000-05-29,145.5
2000-05-30,151.0
2000-05-31,157.0
2000-06-01,153.0
2000-06-02,155.0
2000-06-03,157.0
2000-06-05,158.0
2000-06-07,161.0
2000-06-08,157.0
2000-06-09,158.0
2000-06-12,157.0
2000-06-13,155.0
2000-06-14,154.0
2000-06-15,150.0
2000-06-16,150.0
2000-06-17,149.5
2000-06-19,148.0
2000-06-20,148.5
2000-06-21,147.0
2000-06-22,149.0
2000-06-23,146.0
2000-06-26,141.5
2000-06-27,141.5
2000-06-28,144.0
2000-06-29,142.5
2000-06-30,146.0
2000-07-03,143.5
2000-07-04,141.0
2000-07-05,149.0
2000-07-06,145.0
2000-07-07,142.0
2000-07-10,143.5
2000-07-11,144.0
2000-07-12,143.5
2000-07-13,145.0
2000-07-14,146.0
2000-07-15,145.5
2000-07-17,143.5
2000-07-18,142.0
2000-07-19,142.0
2000-07-20,135.0
2000-07-21,130.0
2000-07-24,126.5
2000-07-25,125.5
2000-07-26,130.0
2000-07-27,129.0
2000-07-28,127.5
2000-07-29,128.0
2000-07-31,127.0
2000-08-01,126.0
2000-08-02,125.0
2000-08-03,122.0
2000-08-04,125.5
2000-08-05,126.0
2000-08-07,123.0
2000-08-08,125.5
2000-08-09,130.0
2000-08-10,133.0
2000-08-11,131.0
2000-08-14,130.0
2000-08-15,130.5
2000-08-16,135.0
2000-08-17,138.0
2000-08-18,139.5
2000-08-19,138.5
2000-08-21,138.0
2000-08-22,137.0
2000-08-24,139.5
2000-08-25,140.5
2000-08-28,138.0
2000-08-29,137.0
2000-08-30,135.0
2000-08-31,134.5
2000-09-01,130.0
2000-09-02,133.0
2000-09-04,133.5
2000-09-05,134.0
2000-09-06,131.0
2000-09-07,125.5
2000-09-08,124.5
2000-09-11,124.0
2000-09-13,124.0
2000-09-14,120.0
2000-09-15,122.5
2000-09-16,121.5
2000-09-18,121.0
2000-09-19,113.0
2000-09-20,115.0
2000-09-21,114.5
2000-09-22,106.5
2000-09-25,106.5
2000-09-26,113.5
2000-09-27,111.0
2000-09-28,106.5
2000-09-29,104.0
2000-09-30,100.0
2000-10-02,98.5
2000-10-03,103.0
2000-10-04,99.5
2000-10-05,103.0
2000-10-06,110.0
2000-10-07,111.0
2000-10-09,107.5
2000-10-11,104.0
2000-10-12,97.0
2000-10-13,96.5
2000-10-16,91.5
2000-10-17,94.0
2000-10-18,87.5
2000-10-19,81.5
2000-10-20,87.0
2000-10-21,93.0
2000-10-23,99.5
2000-10-24,106.0
2000-10-25,107.5
2000-10-26,105.5
2000-10-27,102.0
2000-10-30,98.5
2000-10-31,98.0
2000-11-01,97.0
2000-11-02,103.5
2000-11-03,109.5
2000-11-04,106.0
2000-11-06,109.0
2000-11-07,116.5
2000-11-08,117.0
2000-11-09,115.0
2000-11-10,114.0
2000-11-13,106.5
2000-11-14,106.5
2000-11-15,107.0
2000-11-16,100.0
2000-11-17,98.5
2000-11-18,94.0
2000-11-20,88.0
2000-11-21,94.0
2000-11-22,91.0
2000-11-23,89.0
2000-11-24,95.0
2000-11-27,94.5
2000-11-28,92.5
2000-11-29,90.5
2000-11-30,89.5
2000-12-01,91.5
2000-12-02,90.0
2000-12-04,88.0
2000-12-05,88.5
2000-12-06,89.0
2000-12-07,91.0
2000-12-08,90.0
2000-12-11,90.0
2000-12-12,92.5
2000-12-13,92.0
2000-12-14,90.5
2000-12-15,88.0
2000-12-16,87.5
2000-12-18,84.5
2000-12-19,84.0
2000-12-20,81.5
2000-12-21,79.0
2000-12-22,78.0
2000-12-26,76.0
2000-12-27,75.0
2000-12-28,80.0
2000-12-29,79.5
2000-12-30,78.5
2001-01-02,83.5
2001-01-03,80.5
2001-01-04,85.0
2001-01-05,90.5
2001-01-08,89.5
2001-01-09,93.0
2001-01-10,94.0
2001-01-11,92.5
2001-01-12,94.0
2001-01-15,94.5
2001-01-16,101.0
2001-01-17,101.0
2001-01-18,102.0
2001-01-29,97.0
2001-01-30,99.0
2001-01-31,105.5
2001-02-01,101.5
2001-02-02,100.5
2001-02-05,98.5
2001-02-06,98.0
2001-02-07,91.5
2001-02-08,90.5
2001-02-09,91.5
2001-02-12,92.0
2001-02-13,98.0
2001-02-14,94.0
2001-02-15,100.5
2001-02-16,98.0
2001-02-19,96.0
2001-02-20,96.0
2001-02-21,97.5
2001-02-22,93.5
2001-02-23,91.0
2001-02-26,89.0
2001-02-27,90.0
2001-03-01,84.0
2001-03-02,83.5
2001-03-05,84.5
2001-03-06,88.5
2001-03-07,92.0
2001-03-08,90.5
2001-03-09,88.0
2001-03-12,85.5
2001-03-13,87.0
2001-03-14,86.5
2001-03-15,88.0
2001-03-16,88.5
2001-03-19,87.0
2001-03-20,86.0
2001-03-21,85.0
2001-03-22,86.5
2001-03-23,90.5
2001-03-26,90.0
2001-03-27,89.5
2001-03-28,89.0
2001-03-29,88.0
2001-03-30,88.5
2001-04-02,85.0
2001-04-03,81.5
2001-04-04,79.5
2001-04-06,82.5
2001-04-09,80.0
2001-04-10,79.0
2001-04-11,83.0
2001-04-12,86.0
2001-04-13,85.0
2001-04-16,84.0
2001-04-17,83.5
2001-04-18,85.0
2001-04-19,90.5
2001-04-20,90.5
2001-04-23,90.0
2001-04-24,88.0
2001-04-25,86.5
2001-04-26,89.0
2001-04-27,87.0
2001-04-30,91.0
2001-05-02,96.0
2001-05-03,96.5
2001-05-04,93.0
2001-05-07,95.0
2001-05-08,94.5
2001-05-09,95.0
2001-05-10,92.5
2001-05-11,94.0
2001-05-14,92.5
2001-05-15,89.5
2001-05-16,88.0
2001-05-17,89.0
2001-05-18,90.5
2001-05-21,88.5
2001-05-22,90.0
2001-05-23,94.5
2001-05-24,94.0
2001-05-25,94.5
2001-05-28,93.0
2001-05-29,93.0
2001-05-30,90.0
2001-05-31,89.5
2001-06-01,89.0
2001-06-04,90.0
2001-06-05,91.0
2001-06-06,93.5
2001-06-07,93.0
2001-06-08,97.0
2001-06-11,99.0
2001-06-12,97.0
2001-06-13,94.0
2001-06-14,92.5
2001-06-15,93.5
2001-06-18,92.0
2001-06-19,90.5
2001-06-20,90.0
2001-06-21,86.0
2001-06-22,85.0
2001-06-26,61.0
2001-06-27,63.5
2001-06-28,61.5
2001-06-29,64.0
2001-07-02,67.0
2001-07-03,66.5
2001-07-04,65.5
2001-07-05,65.5
2001-07-06,63.0
2001-07-09,61.0
2001-07-10,61.5
2001-07-11,61.5
2001-07-12,63.5
2001-07-13,63.0
2001-07-16,63.0
2001-07-17,62.5
2001-07-18,62.0
2001-07-19,61.0
2001-07-20,60.5
2001-07-23,58.0
2001-07-24,57.5
2001-07-25,59.0
2001-07-26,60.5
2001-07-27,63.5
2001-07-31,66.0
2001-08-01,68.5
2001-08-02,70.5
2001-08-03,69.0
2001-08-06,68.0
2001-08-07,66.0
2001-08-08,67.5
2001-08-09,65.0
2001-08-10,68.5
2001-08-13,68.0
2001-08-14,69.0
2001-08-15,68.5
2001-08-16,68.0
2001-08-17,67.5
2001-08-20,66.0
2001-08-21,66.5
2001-08-22,62.0
2001-08-23,62.0
2001-08-24,60.5
2001-08-27,63.5
2001-08-28,63.0
2001-08-29,64.5
2001-08-30,63.0
2001-08-31,64.0
2001-09-03,64.0
2001-09-04,66.0
2001-09-05,65.5
2001-09-06,64.0
2001-09-07,63.0
2001-09-10,64.0
2001-09-11,63.0
2001-09-13,59.0
2001-09-14,55.5
2001-09-19,54.0
2001-09-20,52.5
2001-09-21,51.0
2001-09-24,47.5
2001-09-25,47.4
2001-09-26,48.5
2001-09-27,46.5
2001-09-28,46.7
2001-10-02,45.0
2001-10-03,44.1
2001-10-04,44.3
2001-10-05,46.8
2001-10-08,46.0
2001-10-09,49.2
2001-10-11,52.5
2001-10-12,55.0
2001-10-15,53.5
2001-10-16,55.5
2001-10-17,58.0
2001-10-18,59.5
2001-10-19,58.5
2001-10-22,58.0
2001-10-23,57.5
2001-10-24,61.5
2001-10-25,62.5
2001-10-26,63.0
2001-10-29,67.0
2001-10-30,62.5
2001-10-31,61.0
2001-11-01,61.0
2001-11-02,62.5
2001-11-05,65.0
2001-11-06,65.5
2001-11-07,67.0
2001-11-08,67.5
2001-11-09,68.0
2001-11-12,68.0
2001-11-13,67.5
2001-11-14,72.0
2001-11-15,74.5
2001-11-16,77.5
2001-11-19,79.5
2001-11-20,74.5
2001-11-21,75.5
2001-11-22,73.0
2001-11-23,73.5
2001-11-26,74.0
2001-11-27,75.5
2001-11-28,74.0
2001-11-29,73.0
2001-11-30,73.0
2001-12-03,77.5
2001-12-04,78.5
2001-12-05,83.5
2001-12-06,89.0
2001-12-07,88.5
2001-12-10,84.0
2001-12-11,85.5
2001-12-12,88.5
2001-12-13,84.0
2001-12-14,83.5
2001-12-17,81.0
2001-12-18,82.5
2001-12-19,85.5
2001-12-20,85.5
2001-12-21,80.0
2001-12-24,81.0
2001-12-25,83.5
2001-12-26,82.5
2001-12-27,82.0
2001-12-28,85.0
2001-12-31,87.5
2002-01-02,86.0
2002-01-03,85.5
2002-01-04,89.0
2002-01-07,92.5
2002-01-08,90.5
2002-01-09,91.5
2002-01-10,90.5
2002-01-11,87.5
2002-01-14,88.0
2002-01-15,87.5
2002-01-16,85.0
2002-01-17,84.5
2002-01-18,85.0
2002-01-21,90.5
2002-01-22,90.0
2002-01-23,88.5
2002-01-24,90.5
2002-01-25,92.0
2002-01-28,92.0
2002-01-29,89.0
2002-01-30,87.0
2002-01-31,87.5
2002-02-01,85.5
2002-02-04,86.0
2002-02-05,85.5
2002-02-06,86.5
2002-02-18,87.5
2002-02-19,85.5
2002-02-20,82.0
2002-02-21,82.5
2002-02-22,81.5
2002-02-25,81.0
2002-02-26,80.0
2002-02-27,82.0
2002-03-01,81.0
2002-03-04,86.5
2002-03-05,91.0
2002-03-06,94.5
2002-03-07,93.5
2002-03-08,91.5
2002-03-11,97.5
2002-03-12,95.0
2002-03-13,94.0
2002-03-14,93.0
2002-03-15,90.5
2002-03-18,91.5
2002-03-19,91.5
2002-03-20,96.0
2002-03-21,94.0
2002-03-22,95.0
2002-03-25,96.0
2002-03-26,94.5
2002-03-27,92.5
2002-03-28,95.0
2002-03-29,96.5
2002-04-01,95.5
2002-04-02,96.0
2002-04-03,95.0
2002-04-04,92.5
2002-04-08,91.5
2002-04-09,91.5
2002-04-10,90.5
2002-04-11,90.0
2002-04-12,92.0
2002-04-15,91.5
2002-04-16,92.5
2002-04-17,96.0
2002-04-18,95.5
2002-04-19,94.5
2002-04-22,93.0
2002-04-23,94.0
2002-04-24,95.0
2002-04-25,92.0
2002-04-26,92.0
2002-04-29,89.0
2002-04-30,87.5
2002-05-02,85.0
2002-05-03,85.0
2002-05-06,81.0
2002-05-07,82.0
2002-05-08,83.0
2002-05-09,85.0
2002-05-10,86.5
2002-05-13,85.0
2002-05-14,87.0
2002-05-15,90.0
2002-05-16,88.5
2002-05-17,89.5
2002-05-20,87.0
2002-05-21,86.5
2002-05-22,88.0
2002-05-23,87.0
2002-05-24,87.5
2002-05-27,86.5
2002-05-28,86.0
2002-05-29,85.5
2002-05-30,86.5
2002-05-31,85.5
2002-06-03,85.0
2002-06-04,81.5
2002-06-05,82.0
2002-06-06,80.5
2002-06-07,75.0
2002-06-10,75.0
2002-06-11,74.0
2002-06-12,72.0
2002-06-13,75.5
2002-06-14,75.5
2002-06-17,74.0
2002-06-18,75.5
2002-06-19,68.5
2002-06-20,68.5
2002-06-21,69.0
2002-06-24,68.5
2002-06-25,69.5
2002-06-26,66.5
2002-06-27,66.5
2002-06-28,68.0
2002-07-01,67.0
2002-07-02,66.0
2002-07-03,63.5
2002-07-04,64.5
2002-07-05,67.0
2002-07-08,71.0
2002-07-09,71.5
2002-07-10,70.0
2002-07-11,67.5
2002-07-12,71.0
2002-07-15,69.5
2002-07-16,69.0
2002-07-17,67.0
2002-07-18,64.5
2002-07-19,61.5
2002-07-22,60.5
2002-07-23,62.0
2002-07-24,58.5
2002-07-25,58.0
2002-07-26,54.0
2002-07-29,50.5
2002-07-30,52.0
2002-07-31,50.5
2002-08-01,50.0
2002-08-02,49.9
2002-08-05,46.5
2002-08-06,46.1
2002-08-07,49.3
2002-08-08,49.1
2002-08-09,51.0
2002-08-12,50.5
2002-08-13,50.0
2002-08-14,51.0
2002-08-15,53.0
2002-08-16,53.5
2002-08-19,53.5
2002-08-20,54.5
2002-08-21,53.0
2002-08-22,53.0
2002-08-23,54.0
2002-08-26,52.5
2002-08-27,51.0
2002-08-28,50.0
2002-08-29,50.0
2002-08-30,49.9
2002-09-02,48.7
2002-09-03,48.7
2002-09-04,47.9
2002-09-05,47.5
2002-09-09,48.5
2002-09-10,50.5
2002-09-11,50.5
2002-09-12,49.9
2002-09-13,48.1
2002-09-16,47.2
2002-09-17,49.0
2002-09-18,45.6
2002-09-19,45.6
2002-09-20,43.5
2002-09-23,42.1
2002-09-24,42.3
2002-09-25,42.0
2002-09-26,42.6
2002-09-27,42.0
2002-09-30,41.1
2002-10-01,40.1
2002-10-02,40.0
2002-10-03,37.7
2002-10-04,38.0
2002-10-07,36.0
2002-10-08,35.6
2002-10-09,36.0
2002-10-11,35.7
2002-10-14,38.0
2002-10-15,40.6
2002-10-16,43.4
2002-10-17,43.5
2002-10-18,46.5
2002-10-21,45.5
2002-10-22,43.5
2002-10-23,45.0
2002-10-24,45.0
2002-10-25,46.0
2002-10-28,46.6
2002-10-29,46.8
2002-10-30,45.5
2002-10-31,46.5
2002-11-01,45.0
2002-11-04,47.0
2002-11-05,47.7
2002-11-06,51.0
2002-11-07,51.5
2002-11-08,51.0
2002-11-11,47.7
2002-11-12,46.8
2002-11-13,46.8
2002-11-14,46.4
2002-11-15,48.4
2002-11-18,48.2
2002-11-19,47.6
2002-11-20,46.1
2002-11-21,46.9
2002-11-22,50.0
2002-11-25,52.0
2002-11-26,50.5
2002-11-27,50.0
2002-11-28,50.5
2002-11-29,50.5
2002-12-02,52.0
2002-12-03,53.5
2002-12-04,52.0
2002-12-05,52.5
2002-12-06,51.5
2002-12-09,52.0
2002-12-10,50.0
2002-12-11,50.0
2002-12-12,49.0
2002-12-13,48.7
2002-12-16,47.9
2002-12-17,47.8
2002-12-18,48.0
2002-12-19,45.9
2002-12-20,46.0
2002-12-23,44.5
2002-12-24,44.8
2002-12-25,44.7
2002-12-26,46.0
2002-12-27,45.5
2002-12-30,43.2
2002-12-31,42.6
2003-01-02,42.5
2003-01-03,44.8
2003-01-06,44.8
2003-01-07,45.4
2003-01-08,46.5
2003-01-09,46.0
2003-01-10,47.2
2003-01-13,50.5
2003-01-14,50.5
2003-01-15,50.5
2003-01-16,48.6
2003-01-17,48.8
2003-01-20,47.9
2003-01-21,47.6
2003-01-22,47.8
2003-01-23,50.5
2003-01-24,49.4
2003-01-27,48.9
2003-01-28,47.7
2003-02-06,44.4
2003-02-07,42.0
2003-02-10,40.7
2003-02-11,41.5
2003-02-12,40.4
2003-02-13,40.2
2003-02-14,41.0
2003-02-17,43.8
2003-02-18,42.9
2003-02-19,43.0
2003-02-20,44.1
2003-02-21,44.9
2003-02-24,45.3
2003-02-25,43.0
2003-02-26,42.8
2003-02-27,42.0
2003-03-03,44.0
2003-03-04,43.4
2003-03-05,41.6
2003-03-06,41.4
2003-03-07,41.6
2003-03-10,42.6
2003-03-11,42.5
2003-03-12,43.0
2003-03-13,44.1
2003-03-14,45.5
2003-03-17,44.0
2003-03-18,47.0
2003-03-19,47.9
2003-03-20,48.6
2003-03-21,48.5
2003-03-24,48.5
2003-03-25,46.6
2003-03-26,47.0
2003-03-27,44.9
2003-03-28,44.4
2003-03-31,42.3
2003-04-01,42.2
2003-04-02,42.8
2003-04-03,43.9
2003-04-04,45.2
2003-04-07,46.2
2003-04-08,45.7
2003-04-09,44.8
2003-04-10,44.5
2003-04-11,44.8
2003-04-14,43.6
2003-04-15,44.7
2003-04-16,46.9
2003-04-17,45.8
2003-04-18,47.5
2003-04-21,48.3
2003-04-22,47.0
2003-04-23,48.3
2003-04-24,47.3
2003-04-25,45.5
2003-04-28,44.0
2003-04-29,45.1
2003-04-30,47.8
2003-05-02,48.3
2003-05-05,48.5
2003-05-06,47.8
2003-05-07,47.7
2003-05-08,46.7
2003-05-09,47.5
2003-05-12,48.3
2003-05-13,49.2
2003-05-14,49.2
2003-05-15,49.5
2003-05-16,48.8
2003-05-19,48.9
2003-05-20,48.0
2003-05-21,48.0
2003-05-22,48.0
2003-05-23,49.1
2003-05-26,49.8
2003-05-27,49.3
2003-05-28,50.5
2003-05-29,52.0
2003-05-30,53.5
2003-06-02,56.5
2003-06-03,56.0
2003-06-05,57.5
2003-06-06,58.5
2003-06-09,59.0
2003-06-10,57.5
2003-06-11,56.5
2003-06-12,58.5
2003-06-13,57.0
2003-06-16,56.0
2003-06-17,58.0
2003-06-18,59.0
2003-06-19,59.0
2003-06-20,58.5
2003-06-23,57.5
2003-06-24,57.0
2003-06-25,57.0
2003-06-26,57.0
2003-06-27,57.0
2003-06-30,57.0
2003-07-01,58.5
2003-07-02,60.0
2003-07-03,61.0
2003-07-04,62.0
2003-07-07,61.0
2003-07-08,62.0
2003-07-09,60.5
2003-07-10,57.5
2003-07-11,57.5
2003-07-14,59.5
2003-07-15,59.5
2003-07-16,59.5
2003-07-17,58.0
2003-07-18,58.0
2003-07-21,57.0
2003-07-22,56.5
2003-07-23,57.5
2003-07-24,58.5
2003-07-25,57.0
2003-07-28,58.0
2003-07-29,57.0
2003-07-30,57.0
2003-07-31,59.0
2003-08-01,60.0
2003-08-04,60.0
2003-08-05,58.5
2003-08-06,58.5
2003-08-07,60.0
2003-08-08,58.0
2003-08-11,57.0
2003-08-12,57.0
2003-08-13,59.0
2003-08-14,59.5
2003-08-15,61.0
2003-08-18,61.5
2003-08-19,62.5
2003-08-20,63.0
2003-08-21,64.0
2003-08-22,64.0
2003-08-25,64.5
2003-08-26,63.0
2003-08-27,64.0
2003-08-28,65.5
2003-08-29,67.0
2003-09-01,67.5
2003-09-02,67.0
2003-09-03,66.5
2003-09-04,66.0
2003-09-05,68.0
2003-09-08,71.0
2003-09-09,70.5
2003-09-10,69.5
2003-09-12,68.0
2003-09-15,67.0
2003-09-16,68.5
2003-09-17,71.5
2003-09-18,70.5
2003-09-19,69.0
2003-09-22,67.5
2003-09-23,68.0
2003-09-24,68.0
2003-09-25,66.5
2003-09-26,66.0
2003-09-29,66.5
2003-09-30,66.5
2003-10-01,66.5
2003-10-02,68.5
2003-10-03,70.0
2003-10-06,71.0
2003-10-07,70.0
2003-10-08,69.5
2003-10-09,69.0
2003-10-13,70.0
2003-10-14,68.5
2003-10-15,68.0
2003-10-16,69.5
2003-10-17,68.0
2003-10-20,68.0
2003-10-21,67.0
2003-10-22,66.0
2003-10-23,64.5
2003-10-24,64.5
2003-10-27,65.5
2003-10-28,68.0
2003-10-29,69.5
2003-10-30,69.5
2003-10-31,67.0
2003-11-03,67.0
2003-11-04,68.5
2003-11-05,69.5
2003-11-06,69.0
2003-11-07,69.0
2003-11-10,68.0
2003-11-11,66.0
2003-11-12,66.5
2003-11-13,67.5
2003-11-14,67.5
2003-11-17,66.5
2003-11-18,67.0
2003-11-19,66.0
2003-11-20,65.5
2003-11-21,65.0
2003-11-24,64.0
2003-11-25,65.5
2003-11-26,65.0
2003-11-27,63.0
2003-11-28,63.5
2003-12-01,64.0
2003-12-02,66.0
2003-12-03,66.5
2003-12-04,67.0
2003-12-05,65.0
2003-12-08,63.5
2003-12-09,64.5
2003-12-10,62.0
2003-12-11,62.5
2003-12-12,62.0
2003-12-15,63.0
2003-12-16,61.0
2003-12-17,59.5
2003-12-18,60.0
2003-12-19,60.0
2003-12-22,61.5
2003-12-23,62.0
2003-12-24,61.5
2003-12-25,62.0
2003-12-26,62.0
2003-12-29,62.0
2003-12-30,63.0
2003-12-31,63.5
2004-01-02,65.5
2004-01-05,66.0
2004-01-06,66.0
2004-01-07,65.5
2004-01-08,65.5
2004-01-09,67.5
2004-01-12,67.5
2004-01-13,67.5
2004-01-14,67.0
2004-01-15,67.0
2004-01-16,66.5
2004-01-27,68.5
2004-01-28,67.5
2004-01-29,66.5
2004-01-30,66.0
2004-02-02,65.0
2004-02-03,63.5
2004-02-04,62.5
2004-02-05,62.5
2004-02-06,63.0
2004-02-09,65.0
2004-02-10,64.0
2004-02-11,64.0
2004-02-12,64.5
2004-02-13,64.0
2004-02-16,62.5
2004-02-17,62.5
2004-02-18,63.0
2004-02-19,63.5
2004-02-20,63.5
2004-02-23,62.5
2004-02-24,61.5
2004-02-25,61.5
2004-02-26,63.5
2004-02-27,63.5
2004-03-01,64.5
2004-03-02,67.0
2004-03-03,66.0
2004-03-04,67.0
2004-03-05,67.0
2004-03-08,66.0
2004-03-09,65.5
2004-03-10,63.0
2004-03-11,63.5
2004-03-12,62.0
2004-03-15,61.0
2004-03-16,60.5
2004-03-17,60.5
2004-03-18,62.0
2004-03-19,63.0
2004-03-22,59.0
2004-03-23,55.0
2004-03-24,58.0
2004-03-25,58.0
2004-03-26,58.5
2004-03-29,61.5
2004-03-30,60.0
2004-03-31,60.0
2004-04-01,59.5
2004-04-02,59.5
2004-04-05,62.0
2004-04-06,62.0
2004-04-07,61.5
2004-04-08,61.0
2004-04-09,60.0
2004-04-12,61.0
2004-04-13,60.5
2004-04-14,63.0
2004-04-15,61.0
2004-04-16,61.0
2004-04-19,59.5
2004-04-20,61.0
2004-04-21,61.5
2004-04-22,62.0
2004-04-23,64.0
2004-04-26,63.5
2004-04-27,63.5
2004-04-28,62.0
2004-04-29,60.5
2004-04-30,57.5
2004-05-03,58.0
2004-05-04,59.0
2004-05-05,55.0
2004-05-06,55.5
2004-05-07,57.0
2004-05-10,55.0
2004-05-11,57.5
2004-05-12,57.5
2004-05-13,57.0
2004-05-14,55.0
2004-05-17,51.5
2004-05-18,52.0
2004-05-19,55.5
2004-05-20,55.0
2004-05-21,55.0
2004-05-24,54.0
2004-05-25,54.5
2004-05-26,56.0
2004-05-27,57.0
2004-05-28,58.0
2004-05-31,56.0
2004-06-01,56.5
2004-06-02,55.5
2004-06-03,53.0
2004-06-04,53.0
2004-06-07,55.0
2004-06-08,56.5
2004-06-09,55.0
2004-06-10,53.0
2004-06-11,50.5
2004-06-14,43.3
2004-06-15,43.0
2004-06-16,43.5
2004-06-17,44.3
2004-06-18,42.8
2004-06-21,43.5
2004-06-23,45.7
2004-06-24,45.8
2004-06-25,46.2
2004-06-28,45.9
2004-06-29,46.1
2004-06-30,48.4
2004-07-01,48.4
2004-07-02,46.2
2004-07-05,44.8
2004-07-06,46.0
2004-07-07,44.7
2004-07-08,45.0
2004-07-09,46.0
2004-07-12,44.8
2004-07-13,44.2
2004-07-14,44.2
2004-07-15,43.0
2004-07-16,42.5
2004-07-19,42.2
2004-07-20,41.5
2004-07-21,43.4
2004-07-22,43.3
2004-07-23,42.8
2004-07-26,40.9
2004-07-27,41.7
2004-07-28,41.7
2004-07-29,41.0
2004-07-30,42.9
2004-08-02,42.8
2004-08-03,44.0
2004-08-04,43.8
2004-08-05,45.0
2004-08-06,44.0
2004-08-09,43.3
2004-08-10,43.3
2004-08-11,43.8
2004-08-12,43.8
2004-08-13,43.8
2004-08-16,43.4
2004-08-17,43.8
2004-08-18,44.8
2004-08-19,46.8
2004-08-20,46.4
2004-08-23,47.0
2004-08-26,48.6
2004-08-27,48.0
2004-08-30,48.1
2004-08-31,47.0
2004-09-01,47.1
2004-09-02,45.9
2004-09-03,44.4
2004-09-06,44.0
2004-09-07,44.4
2004-09-08,43.9
2004-09-09,43.7
2004-09-10,44.6
2004-09-13,45.9
2004-09-14,45.5
2004-09-15,45.4
2004-09-16,45.4
2004-09-17,44.8
2004-09-20,45.2
2004-09-21,46.0
2004-09-22,45.8
2004-09-23,44.9
2004-09-24,43.7
2004-09-27,43.0
2004-09-29,42.7
2004-09-30,43.3
2004-10-01,44.5
2004-10-04,45.5
2004-10-05,45.3
2004-10-06,45.0
2004-10-07,45.0
2004-10-08,43.3
2004-10-11,42.8
2004-10-12,42.6
2004-10-13,42.6
2004-10-14,42.7
2004-10-15,42.5
2004-10-18,42.2
2004-10-19,43.0
2004-10-20,42.8
2004-10-21,43.2
2004-10-22,43.2
2004-10-26,42.2
2004-10-27,41.9
2004-10-28,43.0
2004-10-29,43.8
2004-11-01,43.9
2004-11-02,45.0
2004-11-03,46.9
2004-11-04,47.5
2004-11-05,47.7
2004-11-08,47.9
2004-11-09,47.8
2004-11-10,48.0
2004-11-11,46.3
2004-11-12,47.0
2004-11-15,47.5
2004-11-16,48.4
2004-11-17,49.7
2004-11-18,50.5
2004-11-19,50.5
2004-11-22,48.2
2004-11-23,48.4
2004-11-24,48.9
2004-11-25,48.3
2004-11-26,47.2
2004-11-29,46.9
2004-11-30,47.3
2004-12-01,46.4
2004-12-02,48.0
2004-12-03,48.9
2004-12-06,48.9
2004-12-07,49.2
2004-12-08,48.8
2004-12-09,48.2
2004-12-10,48.2
2004-12-13,47.6
2004-12-14,48.1
2004-12-15,49.8
2004-12-16,50.0
2004-12-17,49.8
2004-12-20,50.0
2004-12-21,49.3
2004-12-22,49.8
2004-12-23,50.0
2004-12-24,50.0
2004-12-27,49.9
2004-12-28,50.0
2004-12-29,50.5
2004-12-30,50.5
2004-12-31,50.5
2005-01-03,51.0
2005-01-04,49.6
2005-01-05,48.5
2005-01-06,48.0
2005-01-07,47.8
2005-01-10,48.5
2005-01-11,48.2
2005-01-12,47.0
2005-01-13,46.8
2005-01-14,47.0
2005-01-17,48.9
2005-01-18,49.1
2005-01-19,47.7
2005-01-20,48.0
2005-01-21,47.5
2005-01-24,47.0
2005-01-25,47.6
2005-01-26,49.2
2005-01-27,49.4
2005-01-28,50.0
2005-01-31,52.0
2005-02-01,52.5
2005-02-02,53.5
2005-02-03,53.5
2005-02-14,54.5
2005-02-15,55.0
2005-02-16,54.5
2005-02-17,53.5
2005-02-18,54.0
2005-02-21,54.5
2005-02-22,54.0
2005-02-23,53.5
2005-02-24,53.0
2005-02-25,55.0
2005-03-01,54.3
2005-03-02,54.1
2005-03-03,53.5
2005-03-04,52.5
2005-03-07,52.8
2005-03-08,53.7
2005-03-09,53.0
2005-03-10,52.0
2005-03-11,52.5
2005-03-14,51.5
2005-03-15,51.1
2005-03-16,52.0
2005-03-17,50.9
2005-03-18,50.9
2005-03-21,50.6
2005-03-22,50.5
2005-03-23,50.3
2005-03-24,50.6
2005-03-25,51.5
2005-03-28,51.5
2005-03-29,51.1
2005-03-30,50.6
2005-03-31,51.5
2005-04-01,52.6
2005-04-04,52.2
2005-04-06,51.5
2005-04-07,51.4
2005-04-08,52.3
2005-04-11,51.9
2005-04-12,52.3
2005-04-13,52.5
2005-04-14,51.3
2005-04-15,51.3
2005-04-18,50.3
2005-04-19,50.1
2005-04-20,50.1
2005-04-21,49.6
2005-04-22,49.6
2005-04-25,49.8
2005-04-26,51.6
2005-04-27,52.2
2005-04-28,53.0
2005-04-29,51.9
2005-05-03,52.3
2005-05-04,52.5
2005-05-05,53.9
2005-05-06,54.6
2005-05-09,54.7
2005-05-10,54.7
2005-05-11,53.6
2005-05-12,54.5
2005-05-13,54.8
2005-05-16,54.8
2005-05-17,54.3
2005-05-18,54.9
2005-05-19,56.4
2005-05-20,56.5
2005-05-23,55.2
2005-05-24,56.4
2005-05-25,55.8
2005-05-26,56.0
2005-05-27,56.8
2005-05-30,56.7
2005-05-31,56.9
2005-06-01,55.9
2005-06-02,56.9
2005-06-03,57.7
2005-06-06,58.1
2005-06-07,57.5
2005-06-08,58.2
2005-06-09,58.0
2005-06-10,58.1
2005-06-13,54.5
2005-06-14,54.5
2005-06-15,55.0
2005-06-16,55.9
2005-06-17,56.8
2005-06-20,56.9
2005-06-21,55.8
2005-06-22,56.9
2005-06-23,57.2
2005-06-24,56.6
2005-06-27,56.5
2005-06-28,56.4
2005-06-29,54.9
2005-06-30,55.1
2005-07-01,55.7
2005-07-04,55.1
2005-07-05,54.4
2005-07-06,54.6
2005-07-07,54.6
2005-07-08,53.8
2005-07-11,56.8
2005-07-12,57.1
2005-07-13,56.8
2005-07-14,57.0
2005-07-15,56.6
2005-07-19,56.2
2005-07-20,56.4
2005-07-21,56.4
2005-07-22,56.9
2005-07-25,56.1
2005-07-26,55.6
2005-07-27,53.1
2005-07-28,53.9
2005-07-29,53.2
2005-08-01,53.3
2005-08-02,54.9
2005-08-03,55.9
2005-08-04,54.7
2005-08-08,53.4
2005-08-09,53.0
2005-08-10,52.8
2005-08-11,53.6
2005-08-12,53.6
2005-08-15,53.0
2005-08-16,53.0
2005-08-17,52.7
2005-08-18,52.0
2005-08-19,51.6
2005-08-22,52.0
2005-08-23,52.0
2005-08-24,51.5
2005-08-25,51.8
2005-08-26,52.8
2005-08-29,51.3
2005-08-30,51.1
2005-08-31,54.0
2005-09-02,52.6
2005-09-05,52.1
2005-09-06,52.2
2005-09-07,52.0
2005-09-08,51.9
2005-09-09,51.6
2005-09-12,52.7
2005-09-13,53.5
2005-09-14,53.9
2005-09-15,53.9
2005-09-16,52.6
2005-09-19,53.2
2005-09-20,53.6
2005-09-21,53.6
2005-09-22,52.1
2005-09-23,51.4
2005-09-26,51.0
2005-09-27,51.5
2005-09-28,51.2
2005-09-29,52.1
2005-09-30,53.3
2005-10-03,52.8
2005-10-04,54.0
2005-10-05,54.2
2005-10-06,53.7
2005-10-07,53.9
2005-10-11,52.9
2005-10-12,51.8
2005-10-13,51.4
2005-10-14,51.1
2005-10-17,50.1
2005-10-18,50.5
2005-10-19,49.55
2005-10-20,50.3
2005-10-21,49.2
2005-10-24,50.3
2005-10-25,50.8
2005-10-26,50.8
2005-10-27,49.6
2005-10-28,50.4
2005-10-31,52.0
2005-11-01,51.8
2005-11-02,52.7
2005-11-03,53.5
2005-11-04,54.2
2005-11-07,54.4
2005-11-08,54.5
2005-11-09,55.3
2005-11-10,55.9
2005-11-11,57.0
2005-11-14,57.0
2005-11-15,57.0
2005-11-16,56.8
2005-11-17,56.1
2005-11-18,57.1
2005-11-21,57.9
2005-11-22,58.0
2005-11-23,59.7
2005-11-24,59.7
2005-11-25,59.1
2005-11-28,59.5
2005-11-29,57.8
2005-11-30,59.5
2005-12-01,59.3
2005-12-02,60.6
2005-12-05,62.0
2005-12-06,62.5
2005-12-07,62.5
2005-12-08,61.7
2005-12-09,60.8
2005-12-12,61.2
2005-12-13,62.0
2005-12-14,61.1
2005-12-15,60.9
2005-12-16,62.0
2005-12-19,62.5
2005-12-20,62.3
2005-12-21,63.0
2005-12-22,62.3
2005-12-23,63.9
2005-12-26,63.8
2005-12-27,63.8
2005-12-28,63.5
2005-12-29,63.0
2005-12-30,62.5
2006-01-02,61.0
2006-01-03,62.9
2006-01-04,63.4
2006-01-05,64.0
2006-01-06,65.5
2006-01-09,68.1
2006-01-10,66.7
2006-01-11,65.8
2006-01-12,65.5
2006-01-13,64.5
2006-01-16,63.9
2006-01-17,64.6
2006-01-18,61.6
2006-01-19,62.0
2006-01-20,62.5
2006-01-23,61.8
2006-01-24,61.9
2006-01-25,63.5
2006-02-03,63.4
2006-02-06,66.5
2006-02-07,65.0
2006-02-08,63.1
2006-02-09,63.0
2006-02-10,62.6
2006-02-13,62.4
2006-02-14,62.3
2006-02-15,61.3
2006-02-16,62.4
2006-02-17,61.7
2006-02-20,62.7
2006-02-21,62.1
2006-02-22,61.9
2006-02-23,60.8
2006-02-24,61.0
2006-02-27,60.9
2006-03-01,60.4
2006-03-02,62.7
2006-03-03,61.8
2006-03-06,60.9
2006-03-07,60.1
2006-03-08,59.0
2006-03-09,59.8
2006-03-10,61.4
2006-03-13,61.4
2006-03-14,60.0
2006-03-15,61.1
2006-03-16,60.5
2006-03-17,60.7
2006-03-20,60.2
2006-03-21,60.5
2006-03-22,59.6
2006-03-23,59.6
2006-03-24,59.8
2006-03-27,60.3
2006-03-28,61.4
2006-03-29,61.9
2006-03-30,62.9
2006-03-31,64.2
2006-04-03,64.8
2006-04-04,64.5
2006-04-06,65.9
2006-04-07,67.4
2006-04-10,67.0
2006-04-11,66.1
2006-04-12,66.8
2006-04-13,67.2
2006-04-14,68.0
2006-04-17,67.8
2006-04-18,67.9
2006-04-19,69.4
2006-04-20,69.9
2006-04-21,69.3
2006-04-24,68.2
2006-04-25,67.0
2006-04-26,69.0
2006-04-27,67.2
2006-04-28,68.1
2006-05-02,67.2
2006-05-03,67.0
2006-05-04,67.5
2006-05-05,68.5
2006-05-08,69.4
2006-05-09,68.0
2006-05-10,66.5
2006-05-11,66.6
2006-05-12,64.9
2006-05-15,63.2
2006-05-16,62.4
2006-05-17,63.7
2006-05-18,62.5
2006-05-19,62.5
2006-05-22,60.8
2006-05-23,61.1
2006-05-24,61.0
2006-05-25,59.8
2006-05-26,59.5
2006-05-29,60.2
2006-05-30,60.3
2006-06-01,61.4
2006-06-02,62.5
2006-06-05,60.4
2006-06-06,60.8
2006-06-07,60.1
2006-06-08,55.9
2006-06-09,58.5
2006-06-12,57.5
2006-06-13,56.2
2006-06-14,58.1
2006-06-15,56.8
2006-06-16,59.4
2006-06-19,59.4
2006-06-20,54.7
2006-06-21,55.3
2006-06-22,57.7
2006-06-23,56.6
2006-06-26,57.0
2006-06-27,57.4
2006-06-28,56.1
2006-06-29,56.7
2006-06-30,58.4
2006-07-03,58.5
2006-07-04,58.8
2006-07-05,57.7
2006-07-06,57.1
2006-07-07,56.9
2006-07-10,56.9
2006-07-11,56.4
2006-07-12,57.1
2006-07-13,56.3
2006-07-14,55.1
2006-07-17,53.8
2006-07-18,54.1
2006-07-19,53.8
2006-07-20,56.2
2006-07-21,54.9
2006-07-24,52.9
2006-07-25,53.8
2006-07-26,53.9
2006-07-27,54.2
2006-07-28,54.4
2006-07-31,54.8
2006-08-01,55.1
2006-08-02,54.9
2006-08-03,54.9
2006-08-04,54.9
2006-08-07,54.6
2006-08-08,55.5
2006-08-09,55.8
2006-08-10,56.8
2006-08-11,57.4
2006-08-14,57.6
2006-08-15,57.6
2006-08-16,59.0
2006-08-17,59.7
2006-08-18,59.6
2006-08-21,57.9
2006-08-22,58.8
2006-08-23,58.1
2006-08-24,56.9
2006-08-25,57.0
2006-08-28,56.2
2006-08-29,56.5
2006-08-30,57.3
2006-08-31,58.1
2006-09-01,58.8
2006-09-04,59.3
2006-09-05,58.6
2006-09-06,57.8
2006-09-07,57.1
2006-09-08,56.7
2006-09-11,56.3
2006-09-12,56.7
2006-09-13,58.4
2006-09-14,58.4
2006-09-15,59.0
2006-09-18,59.9
2006-09-19,60.5
2006-09-20,59.9
2006-09-21,60.5
2006-09-22,59.7
2006-09-25,59.7
2006-09-26,60.5
2006-09-27,60.9
2006-09-28,60.9
2006-09-29,59.7
2006-10-02,60.2
2006-10-03,60.0
2006-10-04,58.5
2006-10-05,60.7
2006-10-11,60.6
2006-10-12,61.0
2006-10-13,63.2
2006-10-14,63.0
2006-10-16,65.0
2006-10-17,62.9
2006-10-18,62.0
2006-10-19,61.0
2006-10-20,61.8
2006-10-23,61.2
2006-10-24,63.0
2006-10-25,62.3
2006-10-26,61.5
2006-10-27,62.5
2006-10-30,60.7
2006-10-31,61.0
2006-11-01,60.2
2006-11-02,60.8
2006-11-03,61.1
2006-11-06,60.5
2006-11-07,60.6
2006-11-08,60.4
2006-11-09,60.5
2006-11-10,60.8
2006-11-13,60.0
2006-11-14,60.8
2006-11-15,61.8
2006-11-16,62.2
2006-11-17,62.4
2006-11-20,62.2
2006-11-21,63.0
2006-11-22,63.0
2006-11-23,63.5
2006-11-24,63.4
2006-11-27,64.6
2006-11-28,64.0
2006-11-29,64.5
2006-11-30,65.5
2006-12-01,66.5
2006-12-04,66.3
2006-12-05,66.9
2006-12-06,67.9
2006-12-07,67.0
2006-12-08,66.1
2006-12-11,66.5
2006-12-12,64.2
2006-12-13,64.9
2006-12-14,64.1
2006-12-15,64.9
2006-12-18,66.6
2006-12-19,65.1
2006-12-20,64.8
2006-12-21,64.9
2006-12-22,65.6
2006-12-25,65.1
2006-12-26,66.0
2006-12-27,66.4
2006-12-28,66.1
2006-12-29,67.5
2007-01-02,67.7
2007-01-03,68.0
2007-01-04,67.7
2007-01-05,66.9
2007-01-08,65.8
2007-01-09,66.0
2007-01-10,64.2
2007-01-11,65.8
2007-01-12,69.1
2007-01-15,69.2
2007-01-16,70.3
2007-01-17,70.9
2007-01-18,71.2
2007-01-19,69.8
2007-01-22,69.0
2007-01-23,68.8
2007-01-24,70.5
2007-01-25,71.0
2007-01-26,68.0
2007-01-29,68.6
2007-01-30,68.0
2007-01-31,67.4
2007-02-01,67.0
2007-02-02,67.8
2007-02-05,67.8
2007-02-06,68.9
2007-02-07,68.8
2007-02-08,68.4
2007-02-09,68.0
2007-02-12,67.0
2007-02-13,65.8
2007-02-14,67.3
2007-02-26,68.9
2007-02-27,69.3
2007-03-01,66.7
2007-03-02,66.8
2007-03-03,66.1
2007-03-05,63.3
2007-03-06,65.1
2007-03-07,65.5
2007-03-08,65.9
2007-03-09,66.5
2007-03-12,67.2
2007-03-13,69.1
2007-03-14,67.9
2007-03-15,69.0
2007-03-16,69.0
2007-03-19,69.0
2007-03-20,69.2
2007-03-21,69.7
2007-03-22,70.2
2007-03-23,70.0
2007-03-26,70.0
2007-03-27,69.2
2007-03-28,68.3
2007-03-29,68.7
2007-03-30,67.9
2007-04-02,68.2
2007-04-03,68.0
2007-04-04,69.3
2007-04-09,69.0
2007-04-10,68.5
2007-04-11,69.3
2007-04-12,68.5
2007-04-13,68.3
2007-04-14,68.7
2007-04-16,67.5
2007-04-17,68.0
2007-04-18,68.6
2007-04-19,67.4
2007-04-20,67.5
2007-04-23,68.6
2007-04-24,69.8
2007-04-25,69.3
2007-04-26,69.9
2007-04-27,69.0
2007-04-30,68.7
2007-05-02,68.0
2007-05-03,68.4
2007-05-04,69.1
2007-05-07,68.5
2007-05-08,68.0
2007-05-09,68.0
2007-05-10,68.5
2007-05-11,67.5
2007-05-14,67.2
2007-05-15,66.5
2007-05-16,66.6
2007-05-17,67.7
2007-05-18,68.5
2007-05-21,69.2
2007-05-22,68.4
2007-05-23,68.9
2007-05-24,68.5
2007-05-25,67.4
2007-05-28,67.6
2007-05-29,68.6
2007-05-30,68.0
2007-05-31,68.2
2007-06-01,68.8
2007-06-04,69.1
2007-06-05,69.0
2007-06-06,68.9
2007-06-07,69.0
2007-06-08,65.4
2007-06-11,65.6
2007-06-12,64.8
2007-06-13,64.1
2007-06-14,65.0
2007-06-15,65.7
2007-06-20,68.3
2007-06-21,69.2
2007-06-22,69.0
2007-06-23,68.3
2007-06-25,70.4
2007-06-26,69.1
2007-06-27,69.5
2007-06-28,70.4
2007-06-29,70.9
2007-07-02,71.0
2007-07-03,71.2
2007-07-04,71.9
2007-07-05,71.4
2007-07-06,70.5
2007-07-09,72.0
2007-07-10,72.0
2007-07-11,72.4
2007-07-12,71.7
2007-07-13,73.0
2007-07-16,72.5
2007-07-17,72.7
2007-07-18,71.0
2007-07-19,70.0
2007-07-20,69.4
2007-07-23,68.7
2007-07-24,71.3
2007-07-25,69.6
2007-07-26,68.2
2007-07-27,64.0
2007-07-30,65.0
2007-07-31,65.0
2007-08-01,61.3
2007-08-02,63.8
2007-08-03,63.9
2007-08-06,62.6
2007-08-07,61.3
2007-08-08,62.8
2007-08-09,63.8
2007-08-10,61.5
2007-08-13,62.0
2007-08-14,61.9
2007-08-15,61.0
2007-08-16,59.1
2007-08-17,59.0
2007-08-20,62.2
2007-08-21,61.9
2007-08-22,60.9
2007-08-23,62.8
2007-08-24,61.6
2007-08-27,61.6
2007-08-28,61.4
2007-08-29,60.2
2007-08-30,60.5
2007-08-31,62.7
2007-09-03,62.6
2007-09-04,61.6
2007-09-05,61.8
2007-09-06,62.2
2007-09-07,62.0
2007-09-10,61.2
2007-09-11,61.3
2007-09-12,61.5
2007-09-13,60.6
2007-09-14,61.8
2007-09-17,60.8
2007-09-19,61.4
2007-09-20,61.0
2007-09-21,61.5
2007-09-26,61.5
2007-09-27,63.6
2007-09-28,63.6
2007-09-29,63.3
2007-10-01,63.9
2007-10-02,64.9
2007-10-03,65.0
2007-10-04,64.2
2007-10-05,64.6
2007-10-08,65.0
2007-10-09,64.8
2007-10-11,63.3
2007-10-12,61.3
2007-10-15,62.9
2007-10-16,62.4
2007-10-17,62.0
2007-10-18,62.9
2007-10-19,62.0
2007-10-22,60.6
2007-10-23,61.5
2007-10-24,60.8
2007-10-25,61.1
2007-10-26,61.6
2007-10-29,63.9
2007-10-30,63.0
2007-10-31,63.8
2007-11-01,64.2
2007-11-02,61.6
2007-11-05,62.5
2007-11-06,62.6
2007-11-07,63.0
2007-11-08,61.9
2007-11-09,62.3
2007-11-12,61.6
2007-11-13,61.7
2007-11-14,61.5
2007-11-15,60.9
2007-11-16,60.5
2007-11-19,60.5
2007-11-20,60.5
2007-11-21,58.6
2007-11-22,59.9
2007-11-23,59.6
2007-11-26,61.1
2007-11-27,59.1
2007-11-28,58.5
2007-11-29,60.0
2007-11-30,60.6
2007-12-03,59.8
2007-12-04,60.3
2007-12-05,60.9
2007-12-06,61.9
2007-12-07,62.6
2007-12-10,61.1
2007-12-11,62.7
2007-12-12,61.3
2007-12-13,60.7
2007-12-14,59.8
2007-12-17,59.5
2007-12-18,58.8
2007-12-19,59.2
2007-12-20,59.0
2007-12-21,59.0
2007-12-24,59.2
2007-12-25,59.6
2007-12-26,59.5
2007-12-27,61.7
2007-12-28,60.5
2007-12-31,62.0
2008-01-02,60.5
2008-01-03,59.4
2008-01-04,60.0
2008-01-07,55.8
2008-01-08,56.0
2008-01-09,57.0
2008-01-10,55.7
2008-01-11,55.0
2008-01-14,54.9
2008-01-15,57.5
2008-01-16,55.4
2008-01-17,54.7
2008-01-18,54.6
2008-01-21,53.3
2008-01-22,49.6
2008-01-23,51.0
2008-01-24,53.7
2008-01-25,55.5
2008-01-28,54.2
2008-01-29,57.0
2008-01-30,57.8
2008-01-31,59.9
2008-02-01,61.4
2008-02-12,60.0
2008-02-13,59.9
2008-02-14,62.0
2008-02-15,61.5
2008-02-18,60.0
2008-02-19,61.5
2008-02-20,61.1
2008-02-21,61.9
2008-02-22,60.9
2008-02-25,61.2
2008-02-26,62.4
2008-02-27,63.6
2008-02-29,61.6
2008-03-03,60.7
2008-03-04,62.9
2008-03-05,63.3
2008-03-06,64.9
2008-03-07,64.0
2008-03-10,61.2
2008-03-11,62.4
2008-03-12,63.8
2008-03-13,62.0
2008-03-14,61.1
2008-03-17,59.9
2008-03-18,59.9
2008-03-19,62.1
2008-03-20,62.6
2008-03-21,64.8
2008-03-24,67.4
2008-03-25,67.2
2008-03-26,67.0
2008-03-27,63.8
2008-03-28,62.3
2008-03-31,63.1
2008-04-01,61.8
2008-04-02,64.0
2008-04-03,64.4
2008-04-07,65.0
2008-04-08,64.4
2008-04-09,63.1
2008-04-10,64.5
2008-04-11,64.1
2008-04-14,63.0
2008-04-15,63.0
2008-04-16,65.2
2008-04-17,67.1
2008-04-18,66.8
2008-04-21,67.4
2008-04-22,67.3
2008-04-23,64.6
2008-04-24,63.9
2008-04-25,64.7
2008-04-28,66.5
2008-04-29,64.7
2008-04-30,66.7
2008-05-02,68.0
2008-05-05,67.2
2008-05-06,68.0
2008-05-07,68.2
2008-05-08,67.5
2008-05-09,66.3
2008-05-12,67.6
2008-05-13,68.9
2008-05-14,68.6
2008-05-15,68.6
2008-05-16,69.2
2008-05-19,69.4
2008-05-20,68.2
2008-05-21,67.3
2008-05-22,66.9
2008-05-23,65.5
2008-05-26,65.5
2008-05-27,65.8
2008-05-28,67.0
2008-05-29,67.1
2008-05-30,65.6
2008-06-02,67.6
2008-06-03,66.1
2008-06-04,67.1
2008-06-05,67.8
2008-06-06,68.4
2008-06-09,65.3
2008-06-10,63.9
2008-06-11,65.9
2008-06-12,64.8
2008-06-13,64.8
2008-06-16,65.9
2008-06-17,65.2
2008-06-18,65.5
2008-06-19,64.3
2008-06-20,63.7
2008-06-23,64.1
2008-06-24,64.2
2008-06-25,66.2
2008-06-26,65.0
2008-06-27,64.0
2008-06-30,65.0
2008-07-01,64.2
2008-07-02,61.8
2008-07-03,58.8
2008-07-04,59.0
2008-07-07,60.1
2008-07-08,58.9
2008-07-09,59.5
2008-07-10,59.5
2008-07-11,62.4
2008-07-14,60.6
2008-07-15,57.6
2008-07-16,53.8
2008-07-17,57.5
2008-07-18,58.0
2008-07-21,59.8
2008-07-22,57.9
2008-07-23,57.6
2008-07-24,58.9
2008-07-25,57.8
2008-07-29,55.0
2008-07-30,57.0
2008-07-31,56.2
2008-08-01,56.0
2008-08-04,55.7
2008-08-05,55.4
2008-08-06,58.8
2008-08-07,59.5
2008-08-08,60.5
2008-08-11,60.6
2008-08-12,61.2
2008-08-13,61.2
2008-08-14,60.5
2008-08-15,60.6
2008-08-18,60.1
2008-08-19,60.0
2008-08-20,60.0
2008-08-21,59.4
2008-08-22,60.2
2008-08-25,60.5
2008-08-26,60.0
2008-08-27,60.4
2008-08-28,60.1
2008-08-29,58.9
2008-09-01,56.6
2008-09-02,54.3
2008-09-03,55.0
2008-09-04,53.4
2008-09-05,53.0
2008-09-08,56.7
2008-09-09,54.3
2008-09-10,53.7
2008-09-11,52.3
2008-09-12,52.7
2008-09-15,51.7
2008-09-16,51.0
2008-09-17,52.9
2008-09-18,52.0
2008-09-19,55.6
2008-09-22,55.8
2008-09-23,55.0
2008-09-24,53.3
2008-09-25,53.0
2008-09-26,53.4
2008-09-30,52.5
2008-10-01,52.5
2008-10-02,51.4
2008-10-03,51.4
2008-10-06,49.0
2008-10-07,49.7
2008-10-08,46.25
2008-10-09,46.1
2008-10-13,46.65
2008-10-14,49.9
2008-10-15,48.2
2008-10-16,46.55
2008-10-17,44.95
2008-10-20,44.2
2008-10-21,44.1
2008-10-22,42.6
2008-10-23,41.15
2008-10-24,39.75
2008-10-27,38.3
2008-10-28,39.7
2008-10-29,42.0
2008-10-30,44.9
2008-10-31,48.0
2008-11-03,47.0
2008-11-04,48.0
2008-11-05,48.0
2008-11-06,44.65
2008-11-07,43.5
2008-11-10,43.2
2008-11-11,43.1
2008-11-12,43.4
2008-11-13,40.5
2008-11-14,41.7
2008-11-17,40.8
2008-11-18,38.5
2008-11-19,38.0
2008-11-20,36.8
2008-11-21,38.5
2008-11-24,37.3
2008-11-25,39.9
2008-11-26,39.0
2008-11-27,40.9
2008-11-28,40.8
2008-12-01,40.8
2008-12-02,37.95
2008-12-03,37.15
2008-12-04,37.05
2008-12-05,37.2
2008-12-08,39.8
2008-12-09,40.8
2008-12-10,43.65
2008-12-11,44.9
2008-12-12,41.8
2008-12-15,43.45
2008-12-16,44.5
2008-12-17,46.0
2008-12-18,45.0
2008-12-19,44.95
2008-12-22,44.6
2008-12-23,43.85
2008-12-24,43.4
2008-12-25,43.1
2008-12-26,43.4
2008-12-29,43.35
2008-12-30,45.2
2008-12-31,44.4
2009-01-05,46.25
2009-01-06,45.6
2009-01-07,44.55
2009-01-08,41.55
2009-01-09,41.0
2009-01-10,41.0
2009-01-12,41.65
2009-01-13,43.8
2009-01-14,43.0
2009-01-15,41.0
2009-01-16,41.7
2009-01-17,41.45
2009-01-19,41.0
2009-01-20,39.6
2009-01-21,40.2
2009-02-02,41.8
2009-02-03,42.85
2009-02-04,42.9
2009-02-05,42.4
2009-02-06,44.7
2009-02-09,45.5
2009-02-10,44.85
2009-02-11,46.05
2009-02-12,45.35
2009-02-13,45.95
2009-02-16,45.85
2009-02-17,43.8
2009-02-18,44.6
2009-02-19,45.4
2009-02-20,43.9
2009-02-23,45.0
2009-02-24,44.0
2009-02-25,44.7
2009-02-26,45.0
2009-02-27,44.95
2009-03-02,44.75
2009-03-03,44.6
2009-03-04,46.0
2009-03-05,46.6
2009-03-06,48.5
2009-03-09,48.25
2009-03-10,47.15
2009-03-11,48.7
2009-03-12,48.25
2009-03-13,49.5
2009-03-16,50.0
2009-03-17,50.0
2009-03-18,50.4
2009-03-19,49.2
2009-03-20,47.7
2009-03-23,50.3
2009-03-24,52.4
2009-03-25,52.2
2009-03-26,51.7
2009-03-27,51.9
2009-03-30,52.0
2009-03-31,51.4
2009-04-01,50.7
2009-04-02,52.4
2009-04-03,52.6
2009-04-06,52.4
2009-04-07,52.1
2009-04-08,50.2
2009-04-09,52.4
2009-04-10,53.0
2009-04-13,52.7
2009-04-14,52.5
2009-04-15,52.0
2009-04-16,51.3
2009-04-17,50.4
2009-04-20,51.9
2009-04-21,51.6
2009-04-22,50.7
2009-04-23,51.3
2009-04-24,50.5
2009-04-27,50.5
2009-04-28,51.0
2009-04-29,51.6
2009-04-30,55.2
2009-05-04,59.0
2009-05-05,58.0
2009-05-06,57.5
2009-05-07,56.5
2009-05-08,56.3
2009-05-11,56.2
2009-05-12,55.4
2009-05-13,56.4
2009-05-14,54.5
2009-05-15,54.8
2009-05-18,56.0
2009-05-19,57.0
2009-05-20,56.2
2009-05-21,56.6
2009-05-22,56.2
2009-05-25,55.7
2009-05-26,56.6
2009-05-27,60.4
2009-06-01,59.0
2009-06-02,59.9
2009-06-03,59.8
2009-06-04,57.9
2009-06-05,57.4
2009-06-06,57.7
2009-06-08,56.6
2009-06-09,56.1
2009-06-10,58.2
2009-06-11,58.3
2009-06-12,56.0
2009-06-15,53.3
2009-06-16,53.6
2009-06-17,52.0
2009-06-18,52.7
2009-06-19,52.3
2009-06-22,53.0
2009-06-23,51.3
2009-06-24,52.9
2009-06-25,53.7
2009-06-26,54.4
2009-06-29,53.4
2009-06-30,54.7
2009-07-01,55.0
2009-07-02,55.1
2009-07-03,55.0
2009-07-06,54.4
2009-07-07,55.4
2009-07-08,54.4
2009-07-09,55.3
2009-07-10,56.1
2009-07-13,55.0
2009-07-14,55.8
2009-07-15,53.6
2009-07-16,54.1
2009-07-17,54.0
2009-07-20,54.8
2009-07-21,55.5
2009-07-22,55.3
2009-07-23,56.5
2009-07-24,57.2
2009-07-27,57.6
2009-07-28,57.9
2009-07-29,56.5
2009-07-30,56.0
2009-07-31,58.9
2009-08-03,58.3
2009-08-04,57.6
2009-08-05,56.9
2009-08-06,56.8
2009-08-10,57.8
2009-08-11,57.1
2009-08-12,57.5
2009-08-13,58.6
2009-08-14,58.9
2009-08-17,57.8
2009-08-18,57.6
2009-08-19,57.4
2009-08-20,57.7
2009-08-21,56.8
2009-08-24,58.4
2009-08-25,58.7
2009-08-26,59.0
2009-08-27,58.8
2009-08-28,59.5
2009-08-31,59.2
2009-09-01,61.0
2009-09-02,59.6
2009-09-03,59.8
2009-09-04,60.0
2009-09-07,62.0
2009-09-08,62.7
2009-09-09,62.0
2009-09-10,63.5
2009-09-11,62.4
2009-09-14,61.5
2009-09-15,62.5
2009-09-16,62.7
2009-09-17,62.5
2009-09-18,62.7
2009-09-21,62.3
2009-09-22,62.5
2009-09-23,62.3
2009-09-24,60.8
2009-09-25,61.1
2009-09-28,60.7
2009-09-29,63.7
2009-09-30,64.5
2009-10-01,65.0
2009-10-02,62.7
2009-10-05,62.0
2009-10-06,62.4
2009-10-07,62.1
2009-10-08,60.9
2009-10-09,61.1
2009-10-12,61.2
2009-10-13,61.8
2009-10-14,63.5
2009-10-15,63.8
2009-10-16,61.9
2009-10-19,61.4
2009-10-20,62.0
2009-10-21,61.6
2009-10-22,61.8
2009-10-23,61.5
2009-10-26,61.5
2009-10-27,61.3
2009-10-28,60.5
2009-10-29,60.3
2009-10-30,60.0
2009-11-02,59.8
2009-11-03,59.2
2009-11-04,59.6
2009-11-05,59.7
2009-11-06,60.0
2009-11-09,60.0
2009-11-10,60.5
2009-11-11,62.2
2009-11-12,62.2
2009-11-13,61.8
2009-11-16,62.4
2009-11-17,62.6
2009-11-18,62.9
2009-11-19,62.9
2009-11-20,61.7
2009-11-23,62.0
2009-11-24,62.4
2009-11-25,62.7
2009-11-26,62.0
2009-11-27,60.0
2009-11-30,61.1
2009-12-01,60.7
2009-12-02,60.8
2009-12-03,61.5
2009-12-04,61.5
2009-12-07,62.5
2009-12-08,62.4
2009-12-09,62.4
2009-12-10,61.3
2009-12-11,62.6
2009-12-14,62.7
2009-12-15,62.7
2009-12-16,61.8
2009-12-17,62.2
2009-12-18,61.9
2009-12-21,62.2
2009-12-22,62.9
2009-12-23,63.4
2009-12-24,63.6
2009-12-25,63.4
2009-12-28,63.7
2009-12-29,63.3
2009-12-30,63.9
2009-12-31,64.5
2010-01-04,64.9
2010-01-05,64.5
2010-01-06,64.9
2010-01-07,64.2
2010-01-08,64.0
2010-01-11,64.5
2010-01-12,63.6
2010-01-13,62.8
2010-01-14,63.2
2010-01-15,63.5
2010-01-18,62.9
2010-01-19,62.5
2010-01-20,63.0
2010-01-21,62.6
2010-01-22,61.1
2010-01-25,60.4
2010-01-26,60.1
2010-01-27,59.6
2010-01-28,60.0
2010-01-29,61.5
2010-02-01,59.8
2010-02-02,59.0
2010-02-03,59.8
2010-02-04,59.1
2010-02-05,57.2
2010-02-06,58.0
2010-02-08,57.4
2010-02-09,58.6
2010-02-10,58.4
2010-02-22,59.0
2010-02-23,59.8
2010-02-24,58.5
2010-02-25,58.2
2010-02-26,58.8
2010-03-01,59.6
2010-03-02,59.9
2010-03-03,60.0
2010-03-04,59.2
2010-03-05,60.4
2010-03-08,61.2
2010-03-09,61.3
2010-03-10,61.4
2010-03-11,61.4
2010-03-12,60.8
2010-03-15,59.8
2010-03-16,59.7
2010-03-17,60.5
2010-03-18,60.4
2010-03-19,60.0
2010-03-22,59.0
2010-03-23,59.6
2010-03-24,60.6
2010-03-25,61.5
2010-03-26,62.0
2010-03-29,62.2
2010-03-30,62.2
2010-03-31,61.5
2010-04-01,62.1
2010-04-02,62.4
2010-04-06,63.4
2010-04-07,63.5
2010-04-08,62.3
2010-04-09,62.7
2010-04-12,63.1
2010-04-13,62.9
2010-04-14,63.8
2010-04-15,64.4
2010-04-16,63.0
2010-04-19,62.6
2010-04-20,62.8
2010-04-21,62.4
2010-04-22,61.6
2010-04-23,61.7
2010-04-26,63.5
2010-04-27,63.7
2010-04-28,62.1
2010-04-29,61.6
2010-04-30,61.8
2010-05-03,61.6
2010-05-04,61.0
2010-05-05,59.8
2010-05-06,59.5
2010-05-07,59.4
2010-05-10,59.8
2010-05-11,60.1
2010-05-12,60.1
2010-05-13,61.2
2010-05-14,61.2
2010-05-17,59.2
2010-05-18,59.5
2010-05-19,59.3
2010-05-20,58.9
2010-05-21,58.8
2010-05-24,59.0
2010-05-25,58.4
2010-05-26,58.9
2010-05-27,58.7
2010-05-28,58.7
2010-05-31,60.2
2010-06-01,59.8
2010-06-02,59.8
2010-06-03,60.8
2010-06-04,61.0
2010-06-07,59.2
2010-06-08,58.5
2010-06-09,58.6
2010-06-10,59.4
2010-06-11,60.5
2010-06-14,61.1
2010-06-15,61.4
2010-06-17,62.1
2010-06-18,62.7
2010-06-21,63.3
2010-06-22,62.6
2010-06-23,62.1
2010-06-24,62.0
2010-06-25,61.4
2010-06-28,61.7
2010-06-29,61.0
2010-06-30,60.6
2010-07-01,60.0
2010-07-02,60.3
2010-07-05,61.4
2010-07-06,59.9
2010-07-07,59.5
2010-07-08,60.4
2010-07-09,60.4
2010-07-12,59.8
2010-07-13,59.6
2010-07-14,60.4
2010-07-15,60.3
2010-07-16,59.9
2010-07-19,61.1
2010-07-20,61.5
2010-07-21,61.8
2010-07-22,62.0
2010-07-23,62.8
2010-07-26,62.6
2010-07-27,62.5
2010-07-28,63.0
2010-07-29,63.0
2010-07-30,62.4
2010-08-02,62.3
2010-08-03,62.0
2010-08-04,62.0
2010-08-05,61.9
2010-08-06,60.9
2010-08-09,60.7
2010-08-10,61.0
2010-08-11,61.0
2010-08-12,60.2
2010-08-13,60.1
2010-08-16,60.3
2010-08-17,59.8
2010-08-18,59.6
2010-08-19,60.1
2010-08-20,59.9
2010-08-23,60.1
2010-08-24,59.6
2010-08-25,58.7
2010-08-26,58.8
2010-08-27,58.8
2010-08-30,59.4
2010-08-31,58.9
2010-09-01,59.1
2010-09-02,59.5
2010-09-03,59.8
2010-09-06,60.5
2010-09-07,60.2
2010-09-08,59.3
2010-09-09,59.5
2010-09-10,59.3
2010-09-13,60.9
2010-09-14,61.0
2010-09-15,61.2
2010-09-16,60.5
2010-09-17,61.2
2010-09-20,62.0
2010-09-21,61.8
2010-09-23,60.0
2010-09-24,60.1
2010-09-27,60.7
2010-09-28,61.0
2010-09-29,61.5
2010-09-30,62.0
2010-10-01,62.0
2010-10-04,61.9
2010-10-05,61.1
2010-10-06,61.8
2010-10-07,61.3
2010-10-08,61.8
2010-10-11,61.5
2010-10-12,61.0
2010-10-13,61.0
2010-10-14,61.8
2010-10-15,61.9
2010-10-18,60.5
2010-10-19,60.7
2010-10-20,61.0
2010-10-21,61.0
2010-10-22,61.8
2010-10-25,62.0
2010-10-26,62.3
2010-10-27,62.0
2010-10-28,62.7
2010-10-29,62.8
2010-11-01,63.5
2010-11-02,63.3
2010-11-03,63.9
2010-11-04,63.9
2010-11-05,64.2
2010-11-08,63.3
2010-11-09,64.0
2010-11-10,64.2
2010-11-11,63.7
2010-11-12,63.0
2010-11-15,63.9
2010-11-16,64.5
2010-11-17,63.8
2010-11-18,63.3
2010-11-19,63.7
2010-11-22,63.8
2010-11-23,63.4
2010-11-24,63.2
2010-11-25,64.4
2010-11-26,64.4
2010-11-29,64.3
2010-11-30,63.4
2010-12-01,64.6
2010-12-02,66.2
2010-12-03,68.3
2010-12-06,68.5
2010-12-07,68.0
2010-12-08,68.0
2010-12-09,70.0
2010-12-10,69.7
2010-12-13,69.4
2010-12-14,69.0
2010-12-15,70.0
2010-12-16,71.2
2010-12-17,72.9
2010-12-20,71.2
2010-12-21,71.3
2010-12-22,71.2
2010-12-23,71.0
2010-12-24,70.8
2010-12-27,70.7
2010-12-28,70.9
2010-12-29,70.6
2010-12-30,70.6
2010-12-31,71.0
2011-01-03,71.1
2011-01-04,71.2
2011-01-05,69.8
2011-01-06,71.0
2011-01-07,72.5
2011-01-10,74.2
2011-01-11,74.5
2011-01-12,74.9
2011-01-13,74.6
2011-01-14,74.8
2011-01-17,75.8
2011-01-18,76.8
2011-01-19,78.0
2011-01-20,76.4
2011-01-21,74.6
2011-01-24,75.3
2011-01-25,75.0
2011-01-26,74.6
2011-01-27,75.2
2011-01-28,76.3
2011-02-08,75.5
2011-02-09,73.8
2011-02-10,72.0
2011-02-11,71.4
2011-02-14,72.5
2011-02-15,72.5
2011-02-16,72.1
2011-02-17,72.5
2011-02-18,73.0
2011-02-21,73.4
2011-02-22,72.5
2011-02-23,71.0
2011-02-24,70.5
2011-02-25,70.5
2011-03-01,71.4
2011-03-02,70.4
2011-03-03,70.8
2011-03-04,71.8
2011-03-07,70.9
2011-03-08,71.5
2011-03-09,71.4
2011-03-10,70.5
2011-03-11,70.0
2011-03-14,70.3
2011-03-15,68.0
2011-03-16,68.5
2011-03-17,67.4
2011-03-18,68.3
2011-03-21,69.0
2011-03-22,68.6
2011-03-23,68.7
2011-03-24,69.4
2011-03-25,71.2
2011-03-28,71.0
2011-03-29,70.8
2011-03-30,70.3
2011-03-31,70.6
2011-04-01,70.7
2011-04-06,72.9
2011-04-07,72.8
2011-04-08,72.9
2011-04-11,71.1
2011-04-12,70.1
2011-04-13,70.7
2011-04-14,69.8
2011-04-15,69.2
2011-04-18,69.0
2011-04-19,68.1
2011-04-20,69.8
2011-04-21,70.7
2011-04-22,70.9
2011-04-25,70.3
2011-04-26,70.3
2011-04-27,72.3
2011-04-28,73.0
2011-04-29,73.2
2011-05-03,74.6
2011-05-04,73.8
2011-05-05,74.8
2011-05-06,75.0
2011-05-09,75.5
2011-05-10,74.4
2011-05-11,75.0
2011-05-12,75.7
2011-05-13,75.9
2011-05-16,74.9
2011-05-17,75.6
2011-05-18,75.3
2011-05-19,75.2
2011-05-20,75.5
2011-05-23,75.1
2011-05-24,74.8
2011-05-25,74.5
2011-05-26,74.2
2011-05-27,74.0
2011-05-30,75.1
2011-05-31,76.7
2011-06-01,77.0
2011-06-02,76.4
2011-06-03,77.2
2011-06-07,77.5
2011-06-08,77.5
2011-06-09,76.9
2011-06-10,75.3
2011-06-13,74.7
2011-06-14,76.2
2011-06-15,77.0
2011-06-16,75.5
2011-06-17,74.2
2011-06-20,74.9
2011-06-21,75.9
2011-06-22,75.0
2011-06-23,74.2
2011-06-24,72.9
2011-06-27,72.0
2011-06-28,72.5
2011-06-29,71.4
2011-06-30,72.2
2011-07-01,72.8
2011-07-04,73.5
2011-07-05,73.2
2011-07-06,72.8
2011-07-07,71.6
2011-07-08,72.5
2011-07-11,71.3
2011-07-12,70.3
2011-07-13,72.2
2011-07-14,70.7
2011-07-15,69.9
2011-07-18,69.7
2011-07-19,68.5
2011-07-20,71.6
2011-07-21,71.6
2011-07-22,72.0
2011-07-25,72.0
2011-07-26,73.7
2011-07-27,73.4
2011-07-28,73.0
2011-07-29,72.0
2011-08-01,72.6
2011-08-02,71.4
2011-08-03,70.1
2011-08-04,70.0
2011-08-05,66.6
2011-08-08,65.2
2011-08-09,63.3
2011-08-10,65.8
2011-08-11,66.4
2011-08-12,65.1
2011-08-15,66.8
2011-08-16,66.0
2011-08-17,65.8
2011-08-18,64.4
2011-08-19,63.9
2011-08-22,65.0
2011-08-23,66.8
2011-08-24,67.5
2011-08-25,67.0
2011-08-26,67.9
2011-08-29,69.4
2011-08-30,69.0
2011-08-31,69.4
2011-09-01,68.6
2011-09-02,67.5
2011-09-05,66.6
2011-09-06,66.1
2011-09-07,68.6
2011-09-08,68.7
2011-09-09,69.3
2011-09-13,68.4
2011-09-14,67.2
2011-09-15,69.1
2011-09-16,71.1
2011-09-19,71.2
2011-09-20,70.5
2011-09-21,72.0
2011-09-22,69.0
2011-09-23,67.5
2011-09-26,67.2
2011-09-27,69.9
2011-09-28,70.3
2011-09-29,70.3
2011-09-30,70.0
2011-10-03,68.6
2011-10-04,69.1
2011-10-05,69.1
2011-10-06,69.0
2011-10-07,69.1
2011-10-11,70.0
2011-10-12,70.4
2011-10-13,70.4
2011-10-14,70.3
2011-10-17,71.1
2011-10-18,70.7
2011-10-19,71.1
2011-10-20,69.7
2011-10-21,70.3
2011-10-24,71.7
2011-10-25,71.5
2011-10-26,71.9
2011-10-27,71.9
2011-10-28,73.1
2011-10-31,73.6
2011-11-01,73.8
2011-11-02,73.9
2011-11-03,73.5
2011-11-04,74.6
2011-11-07,75.0
2011-11-08,74.5
2011-11-09,74.1
2011-11-10,72.6
2011-11-11,73.4
2011-11-14,75.9
2011-11-15,76.0
2011-11-16,75.4
2011-11-17,75.7
2011-11-18,74.2
2011-11-21,73.3
2011-11-22,74.0
2011-11-23,73.4
2011-11-24,72.8
2011-11-25,71.6
2011-11-28,73.6
2011-11-29,73.6
2011-11-30,74.6
2011-12-01,76.6
2011-12-02,76.0
2011-12-05,76.3
2011-12-06,75.4
2011-12-07,76.4
2011-12-08,76.3
2011-12-09,74.1
2011-12-12,75.0
2011-12-13,75.2
2011-12-14,74.5
2011-12-15,72.5
2011-12-16,72.7
2011-12-19,72.5
2011-12-20,72.8
2011-12-21,76.0
2011-12-22,75.0
2011-12-23,75.4
2011-12-26,75.0
2011-12-27,75.5
2011-12-28,75.7
2011-12-29,75.8
2011-12-30,75.8
2012-01-02,75.0
2012-01-03,75.7
2012-01-04,75.8
2012-01-05,76.0
2012-01-06,75.6
2012-01-09,75.6
2012-01-10,76.5
2012-01-11,76.5
2012-01-12,77.0
2012-01-13,77.5
2012-01-16,75.3
2012-01-17,75.6
2012-01-18,76.7
2012-01-30,78.7
2012-01-31,78.5
2012-02-01,77.0
2012-02-02,76.8
2012-02-03,76.2
2012-02-04,76.5
2012-02-06,77.4
2012-02-07,77.4
2012-02-08,77.5
2012-02-09,78.0
2012-02-10,76.9
2012-02-13,76.6
2012-02-14,77.3
2012-02-15,78.5
2012-02-16,78.5
2012-02-17,80.0
2012-02-20,80.0
2012-02-21,80.0
2012-02-22,79.7
2012-02-23,78.1
2012-02-24,79.1
2012-02-29,81.1
2012-03-01,80.1
2012-03-02,80.0
2012-03-03,79.3
2012-03-05,78.9
2012-03-06,79.5
2012-03-07,79.1
2012-03-08,79.7
2012-03-09,80.0
2012-03-12,80.0
2012-03-13,81.3
2012-03-14,83.2
2012-03-15,83.2
2012-03-16,81.1
2012-03-19,83.7
2012-03-20,83.2
2012-03-21,84.9
2012-03-22,85.2
2012-03-23,85.4
2012-03-26,83.6
2012-03-27,85.8
2012-03-28,85.5
2012-03-29,84.1
2012-03-30,84.9
2012-04-02,85.1
2012-04-03,85.0
2012-04-05,83.1
2012-04-06,83.8
2012-04-09,83.0
2012-04-10,82.0
2012-04-11,82.4
2012-04-12,82.6
2012-04-13,84.9
2012-04-16,84.9
2012-04-17,83.8
2012-04-18,85.0
2012-04-19,85.8
2012-04-20,84.3
2012-04-23,84.3
2012-04-24,84.6
2012-04-25,84.2
2012-04-26,84.0
2012-04-27,86.0
2012-04-30,86.8
2012-05-02,88.4
2012-05-03,88.9
2012-05-04,87.6
2012-05-07,85.6
2012-05-08,84.4
2012-05-09,84.6
2012-05-10,85.3
2012-05-11,85.5
2012-05-14,85.4
2012-05-15,85.5
2012-05-16,83.4
2012-05-17,85.1
2012-05-18,81.8
2012-05-21,82.5
2012-05-22,82.2
2012-05-23,79.1
2012-05-24,80.6
2012-05-25,80.0
2012-05-28,81.6
2012-05-29,82.3
2012-05-30,81.7
2012-05-31,85.1
2012-06-01,79.9
2012-06-04,76.5
2012-06-05,78.2
2012-06-06,77.8
2012-06-07,79.8
2012-06-08,77.9
2012-06-11,80.4
2012-06-12,79.4
2012-06-13,80.0
2012-06-14,79.2
2012-06-15,78.1
2012-06-18,80.8
2012-06-19,80.5
2012-06-20,81.6
2012-06-21,80.6
2012-06-22,80.1
2012-06-25,79.6
2012-06-26,78.7
2012-06-27,79.3
2012-06-28,79.9
2012-06-29,81.3
2012-07-02,83.3
2012-07-03,84.2
2012-07-04,81.2
2012-07-05,81.0
2012-07-06,80.9
2012-07-09,80.0
2012-07-10,79.1
2012-07-11,78.1
2012-07-12,75.7
2012-07-13,75.8
2012-07-16,75.5
2012-07-17,74.8
2012-07-18,74.8
2012-07-19,77.5
2012-07-20,76.7
2012-07-23,74.3
2012-07-24,74.8
2012-07-25,74.6
2012-07-26,76.3
2012-07-27,79.3
2012-07-30,79.0
2012-07-31,81.0
2012-08-01,80.0
2012-08-03,79.8
2012-08-06,80.9
2012-08-07,81.4
2012-08-08,80.5
2012-08-09,82.3
2012-08-10,82.0
2012-08-13,82.7
2012-08-14,83.2
2012-08-15,83.0
2012-08-16,82.9
2012-08-17,82.0
2012-08-20,82.4
2012-08-21,83.6
2012-08-22,82.4
2012-08-23,82.7
2012-08-24,82.0
2012-08-27,83.0
2012-08-28,82.4
2012-08-29,82.7
2012-08-30,82.7
2012-08-31,83.3
2012-09-03,83.9
2012-09-04,84.0
2012-09-05,82.0
2012-09-06,81.1
2012-09-07,83.8
2012-09-10,83.5
2012-09-11,84.4
2012-09-12,84.5
2012-09-13,85.0
2012-09-14,86.5
2012-09-17,86.5
2012-09-18,85.7
2012-09-19,86.0
2012-09-20,85.3
2012-09-21,85.7
2012-09-24,86.1
2012-09-25,85.9
2012-09-26,86.4
2012-09-27,87.6
2012-09-28,89.8
2012-10-01,88.9
2012-10-02,89.6
2012-10-03,89.8
2012-10-04,90.6
2012-10-05,91.0
2012-10-08,89.1
2012-10-09,87.1
2012-10-11,85.5
2012-10-12,86.3
2012-10-15,86.4
2012-10-16,87.5
2012-10-17,87.4
2012-10-18,88.1
2012-10-19,86.7
2012-10-22,86.0
2012-10-23,85.7
2012-10-24,85.4
2012-10-25,84.8
2012-10-26,87.3
2012-10-29,88.1
2012-10-30,88.0
2012-10-31,88.7
2012-11-01,89.2
2012-11-02,89.9
2012-11-05,90.3
2012-11-06,90.4
2012-11-07,91.0
2012-11-08,90.5
2012-11-09,90.8
2012-11-12,91.3
2012-11-13,90.3
2012-11-14,90.5
2012-11-15,90.2
2012-11-16,90.2
2012-11-19,90.0
2012-11-20,90.4
2012-11-21,90.5
2012-11-22,91.3
2012-11-23,95.5
2012-11-26,95.3
2012-11-27,96.3
2012-11-28,95.9
2012-11-29,96.5
2012-11-30,98.7
2012-12-03,97.9
2012-12-04,96.6
2012-12-05,96.9
2012-12-06,96.6
2012-12-07,98.1
2012-12-10,96.5
2012-12-11,98.3
2012-12-12,98.4
2012-12-13,99.2
2012-12-14,98.4
2012-12-17,97.0
2012-12-18,96.7
2012-12-19,97.3
2012-12-20,96.0
2012-12-21,94.8
2012-12-22,95.7
2012-12-24,95.2
2012-12-25,96.5
2012-12-26,96.0
2012-12-27,95.6
2012-12-28,97.0
2013-01-02,99.6
2013-01-03,101.0
2013-01-04,101.5
2013-01-07,100.5
2013-01-08,99.7
2013-01-09,100.0
2013-01-10,101.0
2013-01-11,101.0
2013-01-14,102.0
2013-01-15,100.5
2013-01-16,99.2
2013-01-17,99.3
2013-01-18,101.5
2013-01-21,100.5
2013-01-22,101.0
2013-01-23,101.0
2013-01-24,99.9
2013-01-25,99.0
2013-01-28,99.3
2013-01-29,101.0
2013-01-30,101.5
2013-01-31,101.5
2013-02-01,101.5
2013-02-04,103.0
2013-02-05,103.0
2013-02-06,105.0
2013-02-18,107.0
2013-02-19,107.0
2013-02-20,109.0
2013-02-21,107.0
2013-02-22,105.5
2013-02-23,107.0
2013-02-25,105.0
2013-02-26,103.5
2013-02-27,104.5
2013-03-01,105.0
2013-03-04,102.0
2013-03-05,104.0
2013-03-06,104.0
2013-03-07,103.0
2013-03-08,103.5
2013-03-11,102.0
2013-03-12,102.5
2013-03-13,104.5
2013-03-14,104.0
2013-03-15,103.0
2013-03-18,100.5
2013-03-19,100.0
2013-03-20,98.8
2013-03-21,98.7
2013-03-22,98.0
2013-03-25,99.5
2013-03-26,99.0
2013-03-27,100.5
2013-03-28,100.0
2013-03-29,100.5
2013-04-01,101.0
2013-04-02,100.5
2013-04-03,100.5
2013-04-08,98.5
2013-04-09,97.5
2013-04-10,98.3
2013-04-11,101.5
2013-04-12,100.5
2013-04-15,99.4
2013-04-16,100.5
2013-04-17,100.0
2013-04-18,99.9
2013-04-19,106.5
2013-04-22,108.5
2013-04-23,106.0
2013-04-24,106.0
2013-04-25,107.0
2013-04-26,108.5
2013-04-29,108.0
2013-04-30,109.5
2013-05-02,110.5
2013-05-03,110.0
2013-05-06,111.5
2013-05-07,112.5
2013-05-08,114.5
2013-05-09,115.0
2013-05-10,114.5
2013-05-13,114.5
2013-05-14,115.5
2013-05-15,115.0
2013-05-16,113.5
2013-05-17,113.5
2013-05-20,114.0
2013-05-21,112.5
2013-05-22,112.0
2013-05-23,108.0
2013-05-24,109.5
2013-05-27,112.0
2013-05-28,109.5
2013-05-29,111.0
2013-05-30,110.0
2013-05-31,109.5
2013-06-03,107.5
2013-06-04,109.0
2013-06-05,109.5
2013-06-06,107.5
2013-06-07,108.5
2013-06-10,108.5
2013-06-11,108.0
2013-06-13,104.5
2013-06-14,106.0
2013-06-17,106.0
2013-06-18,106.5
2013-06-19,105.5
2013-06-20,104.0
2013-06-21,103.5
2013-06-24,101.0
2013-06-25,101.0
2013-06-26,101.5
2013-06-27,104.5
2013-06-28,111.0
2013-07-01,108.0
2013-07-02,110.0
2013-07-03,107.0
2013-07-04,107.0
2013-07-05,109.0
2013-07-08,105.0
2013-07-09,106.0
2013-07-10,106.0
2013-07-11,109.5
2013-07-12,110.0
2013-07-15,109.5
2013-07-16,108.0
2013-07-17,109.0
2013-07-18,105.5
2013-07-19,98.2
2013-07-22,97.0
2013-07-23,100.0
2013-07-24,102.0
2013-07-25,102.5
2013-07-26,102.5
2013-07-29,100.0
2013-07-30,102.0
2013-07-31,102.5
2013-08-01,100.5
2013-08-02,100.5
2013-08-05,100.5
2013-08-06,98.8
2013-08-07,97.0
2013-08-08,96.4
2013-08-09,96.4
2013-08-12,96.0
2013-08-13,97.2
2013-08-14,96.8
2013-08-15,96.0
2013-08-16,96.5
2013-08-19,95.5
2013-08-20,94.4
2013-08-22,94.5
2013-08-23,97.0
2013-08-26,96.8
2013-08-27,95.6
2013-08-28,96.8
2013-08-29,98.7
2013-08-30,100.5
2013-09-02,102.0
2013-09-03,102.0
2013-09-04,100.5
2013-09-05,101.5
2013-09-06,102.0
2013-09-09,103.0
2013-09-10,104.5
2013-09-11,104.5
2013-09-12,103.5
2013-09-13,102.5
2013-09-14,102.5
2013-09-16,105.5
2013-09-17,105.5
2013-09-18,103.0
2013-09-23,105.5
2013-09-24,105.0
2013-09-25,103.0
2013-09-26,101.5
2013-09-27,103.0
2013-09-30,100.5
2013-10-01,101.5
2013-10-02,103.0
2013-10-03,105.0
2013-10-04,104.0
2013-10-07,103.0
2013-10-08,105.0
2013-10-09,105.0
2013-10-11,106.5
2013-10-14,105.0
2013-10-15,107.0
2013-10-16,106.0
2013-10-17,107.0
2013-10-18,110.0
2013-10-21,110.0
2013-10-22,111.5
2013-10-23,111.0
2013-10-24,110.0
2013-10-25,107.0
2013-10-28,109.5
2013-10-29,109.5
2013-10-30,110.0
2013-10-31,109.5
2013-11-01,109.5
2013-11-04,109.0
2013-11-05,106.5
2013-11-06,107.0
2013-11-07,107.0
2013-11-08,106.0
2013-11-11,104.5
2013-11-12,105.0
2013-11-13,103.0
2013-11-14,103.5
2013-11-15,104.0
2013-11-18,104.0
2013-11-19,105.0
2013-11-20,103.0
2013-11-21,101.0
2013-11-22,100.0
2013-11-25,101.0
2013-11-26,103.5
2013-11-27,105.0
2013-11-28,105.0
2013-11-29,105.0
2013-12-02,104.5
2013-12-03,104.0
2013-12-04,105.0
2013-12-05,104.0
2013-12-06,103.0
2013-12-09,105.0
2013-12-10,104.0
2013-12-11,105.0
2013-12-12,103.0
2013-12-13,102.5
2013-12-16,102.0
2013-12-17,103.5
2013-12-18,101.0
2013-12-19,102.5
2013-12-20,102.0
2013-12-23,104.0
2013-12-24,103.0
2013-12-25,103.0
2013-12-26,104.0
2013-12-27,104.5
2013-12-30,106.0
2013-12-31,105.5
2014-01-02,104.5
2014-01-03,102.5
2014-01-06,102.5
2014-01-07,102.0
2014-01-08,104.0
2014-01-09,101.0
2014-01-10,102.0
2014-01-13,103.0
2014-01-14,103.5
2014-01-15,105.0
2014-01-16,107.0
2014-01-17,107.5
2014-01-20,107.5
2014-01-21,106.5
2014-01-22,107.5
2014-01-23,107.5
2014-01-24,108.0
2014-01-27,105.0
2014-02-05,100.5
2014-02-06,102.0
2014-02-07,104.0
2014-02-10,103.0
2014-02-11,104.5
2014-02-12,105.0
2014-02-13,105.0
2014-02-14,107.5
2014-02-17,108.5
2014-02-18,108.0
2014-02-19,108.0
2014-02-20,106.5
2014-02-21,107.5
2014-02-24,107.0
2014-02-25,108.0
2014-02-26,107.5
2014-02-27,108.0
2014-03-03,108.0
2014-03-04,107.5
2014-03-05,110.0
2014-03-06,113.0
2014-03-07,114.5
2014-03-10,113.0
2014-03-11,114.0
2014-03-12,113.0
2014-03-13,116.5
2014-03-14,115.0
2014-03-17,114.0
2014-03-18,114.5
2014-03-19,114.5
2014-03-20,112.0
2014-03-21,112.5
2014-03-24,112.5
2014-03-25,113.5
2014-03-26,115.5
2014-03-27,116.0
2014-03-28,117.5
2014-03-31,118.5
2014-04-01,119.5
2014-04-02,120.0
2014-04-03,118.5
2014-04-07,117.5
2014-04-08,119.0
2014-04-09,119.0
2014-04-10,119.5
2014-04-11,120.0
2014-04-14,120.5
2014-04-15,122.5
2014-04-16,121.0
2014-04-17,120.0
2014-04-18,123.0
2014-04-21,121.5
2014-04-22,121.5
2014-04-23,121.0
2014-04-24,121.0
2014-04-25,118.5
2014-04-28,119.0
2014-04-29,120.5
2014-04-30,118.5
2014-05-02,118.0
2014-05-05,117.0
2014-05-06,118.0
2014-05-07,118.5
2014-05-08,119.5
2014-05-09,120.0
2014-05-12,118.5
2014-05-13,120.5
2014-05-14,122.0
2014-05-15,122.0
2014-05-16,122.0
2014-05-19,121.0
2014-05-20,121.0
2014-05-21,120.5
2014-05-22,122.0
2014-05-23,122.0
2014-05-26,123.0
2014-05-27,123.5
2014-05-28,124.0
2014-05-29,122.0
2014-05-30,119.5
2014-06-03,122.5
2014-06-04,123.5
2014-06-05,123.0
2014-06-06,122.5
2014-06-09,123.0
2014-06-10,124.5
2014-06-11,125.0
2014-06-12,123.5
2014-06-13,123.0
2014-06-16,124.0
2014-06-17,125.0
2014-06-18,125.5
2014-06-19,126.0
2014-06-20,124.5
2014-06-23,123.0
2014-06-24,123.0
2014-06-25,123.5
2014-06-26,124.5
2014-06-27,125.5
2014-06-30,126.5
2014-07-01,128.0
2014-07-02,132.5
2014-07-03,134.5
2014-07-04,135.0
2014-07-07,136.0
2014-07-08,134.5
2014-07-09,134.0
2014-07-10,134.5
2014-07-11,136.5
2014-07-14,132.5
2014-07-15,133.0
2014-07-16,130.5
2014-07-17,124.5
2014-07-18,123.5
2014-07-21,123.5
2014-07-22,124.5
2014-07-24,125.0
2014-07-25,123.0
2014-07-28,121.5
2014-07-29,124.0
2014-07-30,124.5
2014-07-31,121.0
2014-08-01,120.0
2014-08-04,123.5
2014-08-05,119.5
2014-08-06,120.5
2014-08-07,121.5
2014-08-08,120.5
2014-08-11,120.5
2014-08-12,121.5
2014-08-13,122.5
2014-08-14,124.0
2014-08-15,124.0
2014-08-18,123.0
2014-08-19,124.0
2014-08-20,125.5
2014-08-21,124.5
2014-08-22,125.5
2014-08-25,125.0
2014-08-26,124.5
2014-08-27,125.5
2014-08-28,125.0
2014-08-29,124.0
2014-09-01,128.5
2014-09-02,126.0
2014-09-03,128.0
2014-09-04,127.5
2014-09-05,127.0
2014-09-09,127.0
2014-09-10,125.0
2014-09-11,125.0
2014-09-12,123.0
2014-09-15,123.5
2014-09-16,122.5
2014-09-17,124.5
2014-09-18,125.0
2014-09-19,125.0
2014-09-22,122.0
2014-09-23,122.5
2014-09-24,123.0
2014-09-25,122.0
2014-09-26,121.0
2014-09-29,120.5
2014-09-30,120.0
2014-10-01,121.5
2014-10-02,121.0
2014-10-03,124.5
2014-10-06,126.0
2014-10-07,125.0
2014-10-08,122.5
2014-10-09,125.0
2014-10-13,120.5
2014-10-14,121.0
2014-10-15,121.5
2014-10-16,121.5
2014-10-17,123.5
2014-10-20,126.0
2014-10-21,125.0
2014-10-22,129.0
2014-10-23,127.5
2014-10-24,125.5
2014-10-27,128.0
2014-10-28,128.0
2014-10-29,129.0
2014-10-30,128.5
2014-10-31,130.5
2014-11-03,131.0
2014-11-04,132.0
2014-11-05,132.0
2014-11-06,132.0
2014-11-07,131.0
2014-11-10,134.5
2014-11-11,134.0
2014-11-12,132.0
2014-11-13,134.0
2014-11-14,135.0
2014-11-17,133.0
2014-11-18,131.5
2014-11-19,136.0
2014-11-20,139.0
2014-11-21,138.5
2014-11-24,138.5
2014-11-25,139.0
2014-11-26,139.0
2014-11-27,140.0
2014-11-28,141.5
2014-12-01,140.0
2014-12-02,137.5
2014-12-03,138.0
2014-12-04,139.0
2014-12-05,137.5
2014-12-08,138.0
2014-12-09,138.0
2014-12-10,136.0
2014-12-11,134.5
2014-12-12,135.0
2014-12-15,136.0
2014-12-16,133.0
2014-12-17,130.5
2014-12-18,131.5
2014-12-19,138.0
2014-12-22,138.5
2014-12-23,137.5
2014-12-24,138.0
2014-12-25,137.5
2014-12-26,139.0
2014-12-27,138.5
2014-12-29,141.0
2014-12-30,140.0
2014-12-31,141.0
2015-01-05,139.5
2015-01-06,133.5
2015-01-07,134.0
2015-01-08,138.0
2015-01-09,134.0
2015-01-12,132.0
2015-01-13,132.5
2015-01-14,130.0
2015-01-15,131.5
2015-01-16,137.0
2015-01-19,139.0
2015-01-20,138.0
2015-01-21,141.0
2015-01-22,140.0
2015-01-23,145.0
2015-01-26,145.0
2015-01-27,147.0
2015-01-28,146.5
2015-01-29,143.5
2015-01-30,141.0
2015-02-02,142.5
2015-02-03,144.5
2015-02-04,146.0
2015-02-05,145.5
2015-02-06,143.0
2015-02-09,142.0
2015-02-10,142.5
2015-02-11,148.0
2015-02-12,148.5
2015-02-13,148.5
2015-02-24,151.0
2015-02-25,154.5
2015-02-26,150.5
2015-03-02,149.0
2015-03-03,150.5
2015-03-04,150.5
2015-03-05,150.0
2015-03-06,149.0
2015-03-09,145.5
2015-03-10,144.0
2015-03-11,146.0
2015-03-12,148.0
2015-03-13,149.0
2015-03-16,146.0
2015-03-17,149.0
2015-03-18,153.5
2015-03-19,154.0
2015-03-20,154.0
2015-03-23,153.5
2015-03-24,151.5
2015-03-25,151.0
2015-03-26,145.5
2015-03-27,142.5
2015-03-30,142.5
2015-03-31,145.5
2015-04-01,144.0
2015-04-02,147.0
2015-04-07,146.0
2015-04-08,143.0
2015-04-09,143.0
2015-04-10,147.0
2015-04-13,147.0
2015-04-14,144.0
2015-04-15,143.0
2015-04-16,147.0
2015-04-17,142.5
2015-04-20,143.0
2015-04-21,142.5
2015-04-22,143.5
2015-04-23,147.0
2015-04-24,152.5
2015-04-27,151.5
2015-04-28,151.5
2015-04-29,148.5
2015-04-30,147.0
2015-05-04,147.5
2015-05-05,147.0
2015-05-06,147.5
2015-05-07,146.5
2015-05-08,146.5
2015-05-11,148.5
2015-05-12,147.5
2015-05-13,148.0
2015-05-14,146.0
2015-05-15,146.5
2015-05-18,146.5
2015-05-19,146.5
2015-05-20,146.5
2015-05-21,145.5
2015-05-22,145.5
2015-05-25,147.5
2015-05-26,146.5
2015-05-27,145.0
2015-05-28,147.0
2015-05-29,146.0
2015-06-01,145.0
2015-06-02,144.0
2015-06-03,143.0
2015-06-04,141.0
2015-06-05,140.0
2015-06-08,138.5
2015-06-09,139.0
2015-06-10,139.5
2015-06-11,143.5
2015-06-12,144.5
2015-06-15,143.0
2015-06-16,142.0
2015-06-17,142.5
2015-06-18,142.0
2015-06-22,142.0
2015-06-23,144.5
2015-06-24,145.0
2015-06-25,146.5
2015-06-26,146.0
2015-06-29,138.5
2015-06-30,140.5
2015-07-01,141.0
2015-07-02,141.5
2015-07-03,142.5
2015-07-06,140.5
2015-07-07,140.5
2015-07-08,138.0
2015-07-09,136.5
2015-07-13,138.5
2015-07-14,138.5
2015-07-15,138.5
2015-07-16,136.5
2015-07-17,140.0
2015-07-20,139.0
2015-07-21,140.5
2015-07-22,139.0
2015-07-23,136.0
2015-07-24,137.0
2015-07-27,134.0
2015-07-28,134.0
2015-07-29,135.5
2015-07-30,138.5
2015-07-31,139.5
2015-08-03,134.5
2015-08-04,136.5
2015-08-05,134.0
2015-08-06,134.0
2015-08-07,133.0
2015-08-10,129.0
2015-08-11,130.5
2015-08-12,128.5
2015-08-13,128.0
2015-08-14,126.0
2015-08-17,124.0
2015-08-18,126.0
2015-08-19,125.0
2015-08-20,126.0
2015-08-21,121.0
2015-08-24,115.0
2015-08-25,123.5
2015-08-26,122.5
2015-08-27,124.0
2015-08-28,125.0
2015-08-31,129.0
2015-09-01,124.0
2015-09-02,125.5
2015-09-03,127.0
2015-09-04,125.0
2015-09-07,122.5
2015-09-08,123.0
2015-09-09,129.0
2015-09-10,125.0
2015-09-11,127.5
2015-09-14,127.5
2015-09-15,126.0
2015-09-16,129.5
2015-09-17,131.0
2015-09-18,131.5
2015-09-21,129.5
2015-09-22,129.0
2015-09-23,124.5
2015-09-24,127.0
2015-09-25,127.0
2015-09-30,130.0
2015-10-01,133.5
2015-10-02,132.0
2015-10-05,132.5
2015-10-06,133.0
2015-10-07,135.0
2015-10-08,136.0
2015-10-12,138.5
2015-10-13,137.5
2015-10-14,136.5
2015-10-15,140.0
2015-10-16,137.5
2015-10-19,138.0
2015-10-20,139.0
2015-10-21,138.5
2015-10-22,137.5
2015-10-23,140.0
2015-10-26,140.0
2015-10-27,139.0
2015-10-28,138.0
2015-10-29,136.5
2015-10-30,136.5
2015-11-02,137.5
2015-11-03,139.5
2015-11-04,144.5
2015-11-05,142.5
2015-11-06,140.0
2015-11-09,142.0
2015-11-10,139.5
2015-11-11,137.5
2015-11-12,138.5
2015-11-13,136.0
2015-11-16,135.0
2015-11-17,138.5
2015-11-18,137.0
2015-11-19,140.5
2015-11-20,141.0
2015-11-23,141.0
2015-11-24,139.5
2015-11-25,141.0
2015-11-26,142.5
2015-11-27,139.0
2015-11-30,139.0
2015-12-01,142.5
2015-12-02,142.5
2015-12-03,142.5
2015-12-04,140.5
2015-12-07,143.5
2015-12-08,142.5
2015-12-09,140.5
2015-12-10,141.0
2015-12-11,139.5
2015-12-14,139.0
2015-12-15,138.0
2015-12-16,143.5
2015-12-17,145.0
2015-12-18,142.0
2015-12-21,141.5
2015-12-22,142.0
2015-12-23,141.5
2015-12-24,142.0
2015-12-25,143.0
2015-12-28,143.5
2015-12-29,142.0
2015-12-30,142.5
2015-12-31,143.0
2016-01-04,139.5
2016-01-05,138.0
2016-01-06,135.5
2016-01-07,133.0
2016-01-08,134.0
2016-01-11,133.0
2016-01-12,133.0
2016-01-13,133.5
2016-01-14,131.5
2016-01-15,137.0
2016-01-18,137.0
2016-01-19,138.0
2016-01-20,134.5
2016-01-21,135.0
2016-01-22,138.5
2016-01-25,139.5
2016-01-26,137.5
2016-01-27,139.5
2016-01-28,140.0
2016-01-29,143.0
2016-01-30,142.0
2016-02-01,144.0
2016-02-02,142.5
2016-02-03,146.0
2016-02-15,145.0
2016-02-16,147.5
2016-02-17,148.0
2016-02-18,151.0
2016-02-19,151.0
2016-02-22,151.0
2016-02-23,149.5
2016-02-24,148.0
2016-02-25,150.5
2016-02-26,149.0
2016-03-01,152.0
2016-03-02,153.0
2016-03-03,154.0
2016-03-04,152.5
2016-03-07,152.0
2016-03-08,152.0
2016-03-09,153.0
2016-03-10,154.5
2016-03-11,155.0
2016-03-14,156.0
2016-03-15,154.5
2016-03-16,156.0
2016-03-17,158.5
2016-03-18,159.5
2016-03-21,160.0
2016-03-22,158.5
2016-03-23,159.5
2016-03-24,158.5
2016-03-25,158.0
2016-03-28,159.0
2016-03-29,159.0
2016-03-30,161.5
2016-03-31,162.0
2016-04-01,158.5
2016-04-06,153.5
2016-04-07,154.5
2016-04-08,157.5
2016-04-11,158.5
2016-04-12,158.5
2016-04-13,161.5
2016-04-14,161.5
2016-04-15,159.5
2016-04-18,158.0
2016-04-19,157.5
2016-04-20,154.0
2016-04-21,157.0
2016-04-22,156.5
2016-04-25,157.5
2016-04-26,158.0
2016-04-27,156.5
2016-04-28,153.0
2016-04-29,150.0
2016-05-03,147.5
2016-05-04,147.0
2016-05-05,147.5
2016-05-06,148.0
2016-05-09,147.5
2016-05-10,147.0
2016-05-11,147.0
2016-05-12,146.0
2016-05-13,144.0
2016-05-16,144.5
2016-05-17,147.0
2016-05-18,147.0
2016-05-19,147.0
2016-05-20,148.5
2016-05-23,154.0
2016-05-24,151.0
2016-05-25,154.5
2016-05-26,155.0
2016-05-27,156.5
2016-05-30,157.0
2016-05-31,156.5
2016-06-01,159.0
2016-06-02,159.0
2016-06-03,160.5
2016-06-04,160.0
2016-06-06,161.0
2016-06-07,162.0
2016-06-08,165.5
2016-06-13,162.0
2016-06-14,162.0
2016-06-15,163.0
2016-06-16,160.5
2016-06-17,163.0
2016-06-20,163.0
2016-06-21,165.5
2016-06-22,166.0
2016-06-23,164.0
2016-06-24,159.0
2016-06-27,155.5
2016-06-28,157.0
2016-06-29,159.0
2016-06-30,162.5
2016-07-01,166.0
2016-07-04,166.0
2016-07-05,164.0
2016-07-06,161.5
2016-07-07,164.5
2016-07-11,170.0
2016-07-12,171.0
2016-07-13,168.5
2016-07-14,169.0
2016-07-15,169.5
2016-07-18,169.5
2016-07-19,170.5
2016-07-20,170.0
2016-07-21,172.0
2016-07-22,171.0
2016-07-25,171.5
2016-07-26,173.0
2016-07-27,175.0
2016-07-28,176.5
2016-07-29,172.5
2016-08-01,177.0
2016-08-02,176.0
2016-08-03,172.5
2016-08-04,174.5
2016-08-05,177.0
2016-08-08,178.0
2016-08-09,178.5
2016-08-10,179.5
2016-08-11,176.5
2016-08-12,177.5
2016-08-15,179.0
2016-08-16,175.5
2016-08-17,177.0
2016-08-18,176.0
2016-08-19,174.5
2016-08-22,173.0
2016-08-23,174.0
2016-08-24,173.5
2016-08-25,177.0
2016-08-26,177.0
2016-08-29,176.5
2016-08-30,174.5
2016-08-31,176.0
2016-09-01,173.5
2016-09-02,174.5
2016-09-05,176.5
2016-09-06,179.0
2016-09-07,184.0
2016-09-08,183.0
2016-09-09,179.5
2016-09-10,178.0
2016-09-12,175.0
2016-09-13,175.0
2016-09-14,173.5
2016-09-19,182.5
2016-09-20,183.0
2016-09-21,184.0
2016-09-22,185.5
2016-09-23,187.5
2016-09-26,183.0
2016-09-29,185.5
2016-09-30,182.5
2016-10-03,186.0
2016-10-04,187.0
2016-10-05,186.0
2016-10-06,187.5
2016-10-07,188.0
2016-10-11,187.5
2016-10-12,189.5
2016-10-13,188.5
2016-10-14,188.0
2016-10-17,186.5
2016-10-18,187.0
2016-10-19,189.5
2016-10-20,190.5
2016-10-21,188.5
2016-10-24,191.0
2016-10-25,193.0
2016-10-26,191.5
2016-10-27,188.5
2016-10-28,189.5
2016-10-31,188.5
2016-11-01,189.5
2016-11-02,186.0
2016-11-03,184.5
2016-11-04,184.5
2016-11-07,189.0
2016-11-08,188.5
2016-11-09,182.0
2016-11-10,185.5
2016-11-11,181.5
2016-11-14,180.5
2016-11-15,180.0
2016-11-16,180.0
2016-11-17,181.5
2016-11-18,181.0
2016-11-21,181.0
2016-11-22,184.0
2016-11-23,185.5
2016-11-24,183.0
2016-11-25,182.0
2016-11-28,184.0
2016-11-29,182.0
2016-11-30,183.0
2016-12-01,183.0
2016-12-02,178.0
2016-12-05,179.0
2016-12-06,182.0
2016-12-07,181.5
2016-12-08,185.5
2016-12-09,186.0
2016-12-12,185.0
2016-12-13,186.0
2016-12-14,187.5
2016-12-15,187.0
2016-12-16,185.0
2016-12-19,182.5
2016-12-20,182.5
2016-12-21,180.0
2016-12-22,179.0
2016-12-23,178.5
2016-12-26,179.5
2016-12-27,180.0
2016-12-28,182.0
2016-12-29,180.0
2016-12-30,181.5
2017-01-03,183.0
2017-01-04,183.0
2017-01-05,183.5
2017-01-06,184.0
2017-01-09,184.0
2017-01-10,184.0
2017-01-11,182.0
2017-01-12,184.5
2017-01-13,181.5
2017-01-16,179.5
2017-01-17,181.0
2017-01-18,181.0
2017-01-19,180.5
2017-01-20,181.0
2017-01-23,185.0
2017-01-24,185.5
2017-02-02,184.5
2017-02-03,184.5
2017-02-06,184.5
2017-02-07,184.5
2017-02-08,183.5
2017-02-09,184.0
2017-02-10,185.5
2017-02-13,187.5
2017-02-14,187.5
2017-02-15,189.0
2017-02-16,189.0
2017-02-17,189.5
2017-02-18,189.5
2017-02-20,190.0
2017-02-21,190.0
2017-02-22,188.5
2017-02-23,188.5
2017-02-24,189.0
2017-03-01,186.0
2017-03-02,186.0
2017-03-03,184.0
2017-03-06,183.5
2017-03-07,185.5
2017-03-08,187.0
2017-03-09,184.5
2017-03-10,183.5
2017-03-13,186.5
2017-03-14,186.0
2017-03-15,186.5
2017-03-16,190.0
2017-03-17,191.5
2017-03-20,191.5
2017-03-21,195.0
2017-03-22,193.5
2017-03-23,193.5
2017-03-24,192.5
2017-03-27,193.0
2017-03-28,194.5
2017-03-29,191.5
2017-03-30,191.5
2017-03-31,189.0
2017-04-05,193.0
2017-04-06,191.5
2017-04-07,191.0
2017-04-10,190.0
2017-04-11,191.0
2017-04-12,191.0
2017-04-13,191.5
2017-04-14,189.0
2017-04-17,187.5
2017-04-18,188.0
2017-04-19,186.5
2017-04-20,187.0
2017-04-21,190.0
2017-04-24,190.0
2017-04-25,192.0
2017-04-26,191.0
2017-04-27,193.0
2017-04-28,194.5
2017-05-02,196.5
2017-05-03,198.0
2017-05-04,198.0
2017-05-05,197.5
2017-05-08,202.5
2017-05-09,203.5
2017-05-10,205.5
2017-05-11,207.5
2017-05-12,206.0
2017-05-15,206.0
2017-05-16,204.5
2017-05-17,204.0
2017-05-18,203.5
2017-05-19,203.0
2017-05-22,205.0
2017-05-23,205.0
2017-05-24,205.5
2017-05-25,207.0
2017-05-26,207.0
2017-05-31,203.0
2017-06-01,207.0
2017-06-02,209.0
2017-06-03,209.0
2017-06-05,212.0
2017-06-06,210.5
2017-06-07,211.5
2017-06-08,213.0
2017-06-09,212.0
2017-06-12,207.5
2017-06-13,208.0
2017-06-14,207.0
2017-06-15,208.0
2017-06-16,211.5
2017-06-19,213.0
2017-06-20,216.5
2017-06-21,215.5
2017-06-22,218.0
2017-06-23,217.0
2017-06-26,215.0
2017-06-27,211.5
2017-06-28,208.5
2017-06-29,210.0
2017-06-30,208.5
2017-07-03,209.0
2017-07-04,207.0
2017-07-05,208.5
2017-07-06,207.5
2017-07-07,206.0
2017-07-10,206.0
2017-07-11,212.0
2017-07-12,210.5
2017-07-13,214.5
2017-07-14,213.0
2017-07-17,213.0
2017-07-18,214.0
2017-07-19,214.5
2017-07-20,215.5
2017-07-21,214.0
2017-07-24,214.5
2017-07-25,214.0
2017-07-26,213.0
2017-07-27,215.5
2017-07-28,213.0
2017-07-31,214.5
2017-08-01,212.0
2017-08-02,216.0
2017-08-03,213.5
2017-08-04,213.0
2017-08-07,216.0
2017-08-08,217.5
2017-08-09,214.5
2017-08-10,214.0
2017-08-11,212.5
2017-08-14,211.0
2017-08-15,214.0
2017-08-16,213.0
2017-08-17,214.0
2017-08-18,212.5
2017-08-21,211.5
2017-08-22,214.5
2017-08-23,215.5
2017-08-24,217.0
2017-08-25,217.5
2017-08-28,216.0
2017-08-29,216.0
2017-08-30,217.5
2017-08-31,216.5
2017-09-01,216.5
2017-09-04,217.5
2017-09-05,218.0
2017-09-06,217.0
2017-09-07,217.0
2017-09-08,218.0
2017-09-11,217.0
2017-09-12,219.0
2017-09-13,218.0
2017-09-14,218.5
2017-09-15,218.5
2017-09-18,219.5
2017-09-19,221.5
2017-09-20,221.5
2017-09-21,221.0
2017-09-22,218.5
2017-09-25,217.0
2017-09-26,214.0
2017-09-27,215.0
2017-09-28,214.0
2017-09-29,216.5
2017-09-30,216.5
2017-10-02,220.5
2017-10-03,222.5
2017-10-05,224.5
2017-10-06,224.5
2017-10-11,233.0
2017-10-12,237.5
2017-10-13,237.5
2017-10-16,238.0
2017-10-17,235.5
2017-10-18,237.5
2017-10-19,239.0
2017-10-20,237.5
2017-10-23,239.0
2017-10-24,238.0
2017-10-25,238.0
2017-10-26,236.0
2017-10-27,239.0
2017-10-30,243.0
2017-10-31,243.0
2017-11-01,242.5
2017-11-02,241.0
2017-11-03,239.0
2017-11-06,239.5
2017-11-07,244.0
2017-11-08,242.5
2017-11-09,241.0
2017-11-10,240.5
2017-11-13,239.5
2017-11-14,240.0
2017-11-15,237.5
2017-11-16,238.0
2017-11-17,241.5
2017-11-20,238.5
2017-11-21,243.0
2017-11-22,242.0
2017-11-23,242.5
2017-11-24,244.0
2017-11-27,237.0
2017-11-28,234.0
2017-11-29,234.5
2017-11-30,226.0
2017-12-01,231.0
2017-12-04,234.0
2017-12-05,229.5
2017-12-06,227.0
2017-12-07,226.5
2017-12-08,227.0
2017-12-11,227.5
2017-12-12,227.5
2017-12-13,227.0
2017-12-14,230.5
2017-12-15,230.0
2017-12-18,227.0
2017-12-19,225.0
2017-12-20,224.5
2017-12-21,225.0
2017-12-22,227.5
2017-12-25,228.5
2017-12-26,226.0
2017-12-27,225.0
2017-12-28,226.0
2017-12-29,229.5
2018-01-02,232.5
2018-01-03,237.0
2018-01-04,239.5
2018-01-05,240.0
2018-01-08,242.0
2018-01-09,242.0
2018-01-10,236.5
2018-01-11,235.0
2018-01-12,237.0
2018-01-15,240.0
2018-01-16,240.5
2018-01-17,242.0
2018-01-18,248.5
2018-01-19,255.5
2018-01-22,261.5
2018-01-23,266.0
2018-01-24,258.0
2018-01-25,258.0
2018-01-26,255.0
2018-01-29,258.5
2018-01-30,253.0
2018-01-31,255.0
2018-02-01,259.5
2018-02-02,259.5
2018-02-05,253.0
2018-02-06,239.0
2018-02-07,240.0
2018-02-08,238.5
2018-02-09,232.5
2018-02-12,236.5
2018-02-21,242.5
2018-02-22,239.5
2018-02-23,245.0
2018-02-26,246.5
2018-02-27,246.0
2018-03-01,243.0
2018-03-02,240.0
2018-03-05,241.5
2018-03-06,250.0
2018-03-07,247.0
2018-03-08,249.5
2018-03-09,250.5
2018-03-12,254.0
2018-03-13,259.0
2018-03-14,257.0
2018-03-15,255.0
2018-03-16,255.0
2018-03-19,255.0
2018-03-20,253.0
2018-03-21,252.5
2018-03-22,251.5
2018-03-23,245.0
2018-03-26,243.5
2018-03-27,251.0
2018-03-28,245.0
2018-03-29,244.0
2018-03-30,246.0
2018-03-31,247.5
2018-04-02,246.5
2018-04-03,244.0
2018-04-09,245.0
2018-04-10,245.5
2018-04-11,248.0
2018-04-12,245.0
2018-04-13,244.5
2018-04-16,243.5
2018-04-17,238.0
2018-04-18,238.0
2018-04-19,244.5
2018-04-20,229.0
2018-04-23,226.5
2018-04-24,227.0
2018-04-25,225.0
2018-04-26,222.0
2018-04-27,223.5
2018-04-30,227.0
2018-05-02,223.0
2018-05-03,220.5
2018-05-04,223.0
2018-05-07,223.5
2018-05-08,228.0
2018-05-09,229.5
2018-05-10,229.5
2018-05-11,233.0
2018-05-14,233.0
2018-05-15,230.5
2018-05-16,230.5
2018-05-17,226.5
2018-05-18,223.5
2018-05-21,229.0
2018-05-22,229.0
2018-05-23,228.5
2018-05-24,229.0
2018-05-25,228.5
2018-05-28,227.0
2018-05-29,225.0
2018-05-30,221.0
2018-05-31,224.0
2018-06-01,224.0
2018-06-04,229.0
2018-06-05,229.0
2018-06-06,230.0
2018-06-07,230.0
2018-06-08,227.0
2018-06-11,226.0
2018-06-12,229.0
2018-06-13,232.0
2018-06-14,226.5
2018-06-15,231.0
2018-06-19,225.0
2018-06-20,226.0
2018-06-21,226.5
2018-06-22,227.5
2018-06-25,218.0
2018-06-26,214.5
2018-06-27,213.0
2018-06-28,212.0
2018-06-29,216.5
2018-07-02,214.0
2018-07-03,214.5
2018-07-04,216.0
2018-07-05,214.5
2018-07-06,217.0
2018-07-09,221.5
2018-07-10,222.0
2018-07-11,220.0
2018-07-12,220.5
2018-07-13,224.5
2018-07-16,223.5
2018-07-17,221.5
2018-07-18,223.0
2018-07-19,224.5
2018-07-20,237.5
2018-07-23,241.0
2018-07-24,241.0
2018-07-25,240.5
2018-07-26,241.0
2018-07-27,244.5
2018-07-30,245.5
2018-07-31,246.0
2018-08-01,248.0
2018-08-02,244.5
2018-08-03,247.0
2018-08-06,245.5
2018-08-07,241.5
2018-08-08,247.5
2018-08-09,247.0
2018-08-10,245.0
2018-08-13,240.5
2018-08-14,243.5
2018-08-15,241.5
2018-08-16,239.0
2018-08-17,239.5
2018-08-20,239.5
2018-08-21,241.0
